ID,x1,x2,x3,x4,x5,x6,x7,x8,x9,x10,y
1,-0.18,5,-0.4,-0.26,0.53,-0.66,0.1,2,-0.2,1,0
2,-0.58,5,-0.52,-1.66,0.65,-0.15,0.08,3,3.03,-2,1
3,-0.62,5,-0.09,-0.38,0.65,0.22,0.44,4,1.49,1,0
4,-0.22,-3,1.64,-1.38,0.08,0.42,1.24,5,-0.34,0,1
5,0,5,1.76,-1.16,0.78,0.46,0.32,5,-0.51,-2,1
6,-0.12,1,-0.83,-1.86,0.95,-0.51,0.92,2,1.03,1,1
7,-0.02,-3,0.61,-0.28,0.41,-0.41,0.24,1,-1.26,-1,0
8,-0.51,-1,-0.73,-1.5,0.99,0.07,0.16,5,3.8,0,1
9,-0.42,5,0.3,-0.5,0.29,0.24,1.74,5,3.45,-2,0
10,-0.5,3,-0.45,-0.06,0.28,-0.44,0.32,2,-0.45,1,0
11,-0.24,5,1.37,-1.04,1,0.15,0.5,5,-3.05,1,1
12,-0.92,1,1.19,-1.6,0.65,-0.66,1,4,1.98,1,1
13,-0.21,1,-0.37,-0.64,0.77,0.05,0.74,3,3.46,-1,0
14,-0.92,5,-1.94,-1.72,0.06,-0.79,0.26,3,1.03,-1,1
15,-0.88,5,1.42,-1.7,0.69,0.35,0.42,4,-1.5,-2,1
16,-0.54,1,0.98,-1.58,0.06,-0.16,1.88,3,-2.47,-1,0
17,-0.64,-3,2.63,-0.66,0.77,0.32,0.2,3,2.75,-1,0
18,-0.52,1,-1.17,-1.34,0.8,0.14,0.48,4,1.84,0,1
19,-0.09,-1,-0.39,-0.98,0.33,0.64,0.34,1,0.13,-2,1
20,-0.46,5,0.47,-0.7,0.94,0.99,1.1,1,7.05,1,0
21,-0.39,5,-0.72,-1.62,0.54,0.65,0.96,5,0.54,-1,1
22,-0.3,-3,-0.92,-0.62,0.44,0.36,1.7,2,-2.06,0,0
23,-0.88,3,0.09,-0.6,0.49,-0.46,1.48,4,2.12,-1,0
24,-0.79,3,0.4,-1.28,0.64,-0.18,0.52,5,-1.36,0,1
25,-0.84,5,-0.58,-1.8,0.04,0.41,0.3,1,3.4,0,1
26,-0.81,1,-0.22,-0.78,0.62,-0.98,0.04,2,-0.39,-1,0
27,-0.23,1,-0.76,-0.24,0.46,-0.5,0.94,4,2.51,0,0
28,-0.53,-3,0.9,-0.94,0.14,-0.57,0.14,4,-0.6,-2,0
29,-0.05,5,-0.8,-0.82,0.2,0.74,1.12,3,-1.53,-2,0
30,-0.46,-3,-0.24,-1.8,0.7,0.53,1.5,3,4.24,1,1
31,-1,1,-0.26,-0.58,0.07,0.8,0.28,1,1.7,1,0
32,-0.63,-3,1.68,-0.44,0.03,-0.51,1.14,3,3.93,1,0
33,-0.16,5,-0.09,-2,0.68,-0.34,1.56,3,1.91,-2,1
34,-0.33,5,-0.31,-0.68,0.75,0.59,0.28,1,0.48,-1,0
35,-0.95,1,-0.67,-1.16,0.76,-0.45,1.8,3,1.37,-2,0
36,-0.26,-1,-1.31,-0.42,0.03,-0.16,1.14,2,1.1,-1,0
37,-0.23,3,2,-1.72,0.94,-0.35,1.04,1,1.91,0,1
38,-0.59,5,2,-1.8,0.59,-0.26,1.84,2,-4.07,1,0
39,-0.67,1,-0.5,-0.38,0.56,-0.07,1.7,3,3.38,-1,0
40,-0.29,-1,-1.46,-1.26,0.6,-0.68,1.88,1,-1.59,1,0
41,-0.01,3,-0.73,-1.3,0.03,0.66,0.24,3,3.47,0,1
42,-0.63,3,-0.01,-1.02,0.81,0.52,0.62,1,-0.38,1,1
43,-0.78,1,-1.38,-0.82,0.71,0.6,1.04,5,3.48,-1,0
44,-0.87,5,-1.54,-0.68,0.46,-0.97,0.86,5,2.09,-1,0
45,-0.41,3,2.36,-1.56,0.99,0.35,1.06,1,-1.3,-2,1
46,-0.66,1,-0.15,-0.44,0.69,0.42,0.82,3,1.35,-1,0
47,-0.86,3,0.72,-0.68,1,0.25,0.62,2,1.77,-1,0
48,-0.93,1,-0.89,-1.96,0.33,0.21,1.7,1,-1.74,0,1
49,-0.88,5,0.01,-1.24,0.8,0.26,1.08,1,3.12,0,1
50,-0.61,3,1.16,-0.92,0.88,-0.89,1.16,2,-1.88,-1,1
51,-0.82,-3,-0.36,-0.7,0.11,-0.87,1.76,1,0.14,0,0
52,-0.53,1,0.84,-0.8,0.41,-0.09,1.08,3,1.48,-1,0
53,-0.87,-3,-0.46,-1.12,0.1,0.79,1.92,4,1.06,1,0
54,-0.94,1,-0.42,-1.3,0.25,-0.86,0.88,3,4.1,-1,1
55,-0.68,1,-1.25,-1.36,0.34,0.98,0.1,5,2.87,1,1
56,-0.41,-3,0.63,-0.58,0.01,-0.78,1.66,1,2.98,-1,0
57,-0.27,-3,-0.76,-1.6,0.13,0,0.16,3,0.43,-1,1
58,-0.79,-3,0.56,-0.7,0.3,-0.85,1.62,2,1.39,1,0
59,-0.56,3,0.63,-1.8,0.88,0.49,0.56,4,0.61,-2,1
60,-0.16,-3,1.41,-0.5,0.31,0.06,1.08,2,2.86,-2,0
61,-0.03,-1,0.97,-0.8,0.63,0.43,0.02,1,0.85,0,0
62,-0.49,3,-0.07,-1.54,0.95,-0.75,0.52,1,1.03,0,1
63,-0.73,1,-0.42,-0.94,0.63,0.96,0.82,3,1.83,-2,0
64,-0.21,1,1.31,-1.94,0.53,0.06,1.4,2,2.24,-1,1
65,-0.2,3,-1.23,-1.16,0.9,0.62,1.12,5,-0.17,0,1
66,-0.35,-1,1.46,-1.52,0.98,-0.78,0.76,3,0.47,0,1
67,-0.75,-3,-0.8,-1.74,0.71,-0.68,1.72,2,-0.02,1,0
68,-0.67,-3,-0.55,-0.94,0.35,0.98,0.02,1,1.43,-2,0
69,-0.25,5,-0.71,-1.44,0.81,0.24,1.62,1,0.91,-1,0
70,-0.64,1,-0.89,-1.88,0.47,0.34,1.02,4,0.71,1,1
71,-0.39,1,-1.91,-0.62,0.39,-0.34,1.74,3,3.27,-2,0
72,-0.18,1,-1.78,-0.2,0.34,-0.86,1.62,3,2.91,-2,0
73,-0.03,3,0.63,-1,0.29,0.78,1.32,4,2.16,-2,1
74,-0.13,1,0.65,-1.78,0.08,0.13,0.9,4,1.11,-2,1
75,-0.6,5,1.08,-1.08,0.42,0.23,1.94,2,2.14,1,0
76,-0.25,3,1.18,-1.26,0.48,0.96,1.1,2,0.69,0,1
77,-0.4,3,0.09,-0.32,0.6,0.97,0.06,1,2,0,0
78,0,-3,0.39,-1.48,0.47,0.34,0.9,4,-2.03,-2,1
79,-0.57,1,1.66,-1.94,0.66,0.19,0.96,4,1.22,0,1
80,-0.63,-3,-0.67,-0.06,0.87,0.54,0.94,1,-1.56,0,0
81,-0.66,3,0.45,-1.68,0.24,0.67,0.7,3,0.64,0,1
82,-0.97,3,-2.14,-0.56,0.83,0.46,0.6,4,-0.89,-2,0
83,-0.8,3,-0.9,-1.2,0.11,0.32,0.46,1,-0.21,1,1
84,-0.08,-3,1.04,-0.66,0.73,0.6,0.88,5,1.64,-2,0
85,-0.58,-3,1.04,-0.92,0.89,-0.03,0.9,2,-0.51,-1,0
86,-0.52,-1,0.11,-0.82,0.5,-0.56,0.32,5,1.63,0,0
87,-0.95,5,0.75,-0.1,0.94,-0.18,1.96,2,1.16,1,0
88,-0.05,-3,-0.08,-0.72,0.01,0.71,1.88,5,1.25,-2,0
89,-0.76,1,0.59,-1.72,0.93,0.67,0.94,2,0,-2,1
90,-0.04,5,-2.02,-1.02,0.63,-0.34,0.12,2,1.18,1,1
91,-0.81,-1,-1.36,-0.76,0.51,-0.25,1.12,4,1.25,-1,0
92,-0.74,-1,0.86,-0.66,0.49,0.6,1.52,5,1.49,0,0
93,-0.73,-3,1.39,-1.72,0.47,0.43,0.42,1,5.24,1,1
94,-0.56,5,1.25,-0.1,0.87,0.63,1.16,2,1.18,-1,0
95,-0.4,-3,0.32,-1.04,0.91,-0.56,0.26,1,2.22,1,1
96,-0.05,-3,0.88,-1.04,0.12,-0.75,1.02,3,0.06,1,1
97,-0.48,3,0.95,-1.24,0.9,0.62,0.48,1,-1.86,-2,1
98,-0.22,3,-0.03,-1.66,0.96,0.47,1.7,2,2.93,-2,0
99,-0.19,1,-0.14,-0.6,0.85,0.91,1,4,1.7,0,0
100,-0.49,5,-0.98,-1.38,0.89,-0.33,1.8,3,1.04,-1,0
101,-0.98,1,0.04,-1.04,0.32,-0.86,1.9,4,1.79,1,0
102,-0.27,-3,-1.18,-1.52,0.36,-0.15,1.16,3,0.63,-2,1
103,-0.64,-3,0.64,-0.84,0.2,0.92,1.58,4,-0.07,-1,0
104,-0.82,-1,1.93,-1.32,0.47,-0.87,0.94,1,0.48,-2,1
105,-0.57,3,0.32,-1.52,0.76,-0.66,1.92,4,-0.18,0,0
106,-0.67,-1,-0.38,-1.24,0.72,0.51,1.44,2,2.84,-1,1
107,-0.21,-1,0.51,-1.4,0.9,-0.41,1.42,2,-0.26,1,1
108,-0.11,-3,0.89,-1.34,0.3,-0.6,1.3,5,2.48,-2,1
109,-0.97,5,-0.51,-1.8,0.7,0.1,1.2,5,-0.62,0,1
110,-0.08,1,0.99,-1.08,0.32,0.75,0.1,5,-0.73,0,1
111,-0.94,-3,-0.97,-0.34,0.12,0.04,1.52,4,0.68,-2,0
112,-0.6,5,-0.32,-0.94,0.71,-0.42,1.98,4,3.63,-2,0
113,-0.12,3,-1.72,-0.4,0.53,0.65,1.38,5,0.16,-2,0
114,-0.4,1,0.21,-1.54,0.19,-0.55,1.54,1,0.07,1,1
115,-0.49,5,-0.48,-1.92,0.93,0.76,1.66,2,-2.96,0,1
116,-0.79,-1,1.83,-0.4,0.84,0.48,1.7,4,1.75,1,0
117,-0.51,3,0.91,-1.66,0.86,-0.9,1.38,5,1.91,-2,1
118,-0.97,5,-0.51,-1.28,0.89,0.26,0.7,3,3.41,-2,1
119,-0.61,1,-0.23,-1.82,0.41,-0.98,0.8,1,1.38,-1,1
120,-0.35,-3,-0.56,-0.1,0.48,0.09,1.68,3,-0.45,0,0
121,-0.75,1,-0.77,-0.06,0.48,0.94,1.72,1,0.42,-1,0
122,-0.79,5,0.42,-0.36,0.75,-0.68,1.5,2,0.56,0,0
123,-0.03,-1,-0.25,-1.82,0.89,0.84,1.7,5,1.92,-2,1
124,-0.37,1,-0.94,-0.92,0.57,-0.64,0.72,4,3.7,0,0
125,-0.62,-3,0.61,-0.5,0.36,-0.65,0.9,2,0.19,-2,0
126,-0.74,3,-0.88,-0.5,0.8,0.41,1.12,5,3.15,0,0
127,-0.53,-3,1.06,-1.76,0.64,0.34,1.82,2,5.82,-2,0
128,-0.53,5,0.49,-1.3,0.55,0.38,0.76,2,0.1,0,1
129,-0.02,3,1.9,-0.68,0.53,0.06,0.06,1,1.09,1,0
130,-0.02,1,0.47,-1.3,0.26,-0.86,0.74,4,0.76,1,1
131,-0.96,-1,-0.72,-0.9,0.67,-0.01,0.48,3,4.42,0,0
132,-0.66,-1,-0.96,-0.1,0.08,-0.32,1.04,3,0.99,-1,0
133,-0.58,1,-3.33,-0.6,0.46,0.06,0.38,2,1.86,-1,0
134,-0.67,-3,0,-2,0.63,-0.13,0.36,1,0.53,0,1
135,-0.84,-1,-0.39,-0.64,0.91,0.11,1.4,5,1.63,0,0
136,-0.19,1,-0.94,-1.86,0.47,0.05,0.98,3,2.98,-2,1
137,-0.29,-1,1.24,-0.98,0.16,0.62,1.14,2,-1.43,0,1
138,-0.02,-1,0.82,-1.78,0.08,0.58,1.12,2,0.66,0,1
139,-0.23,3,0.37,-1.5,0.22,-0.01,0.4,4,-0.96,-1,1
140,-0.72,-3,1.46,-0.72,0.53,0.72,1,2,-1.35,-1,0
141,-0.18,-1,0.5,-0.26,0.6,-0.33,0.3,5,0.45,-2,0
142,-0.02,5,0.44,-1.22,0.56,0.18,0.5,3,6.78,0,1
143,-0.63,3,0.65,-1.58,0.28,-0.49,0.24,4,-2.63,0,1
144,-0.24,1,1.3,-0.02,0.88,0.03,0.5,4,2.19,1,0
145,-0.03,1,-0.37,-1.08,0.66,0.61,0.42,1,-2.62,-2,1
146,-0.51,5,0.34,-1.04,0.27,0.51,0.8,1,4.57,-2,1
147,-0.27,3,0.33,-0.5,0.28,-0.05,0.24,1,-0.8,-2,0
148,-0.18,-1,0.09,-1.82,0.53,-0.4,1.38,4,2.16,-1,1
149,-0.99,3,-0.3,-0.3,0.26,0.8,1.34,2,6.53,1,0
150,-0.52,-1,-1.56,-0.2,0.4,0.75,0.74,4,0.65,-1,0
151,-0.41,3,1,-1.22,0.21,0.69,1.5,3,-0.55,-2,0
152,-0.37,5,-0.2,-0.12,0.5,-0.31,1.46,3,1.38,-1,0
153,-0.89,-1,-0.07,-0.66,0.61,-0.75,1.7,2,2.47,-1,0
154,-0.04,1,-0.79,-0.76,0.65,-0.35,0.48,3,-0.92,1,0
155,-0.3,1,-1.42,-0.6,0.57,0.99,0.4,3,1.15,1,0
156,-0.01,-1,-0.67,-0.66,0.81,-0.66,0,2,-0.89,1,0
157,-0.93,1,1.68,0,0.5,-0.73,1.48,4,-0.79,-1,0
158,-0.32,3,1.1,-1.78,0.8,-0.23,1.68,1,3.31,1,1
159,-0.25,3,0.5,-0.78,0.61,-0.16,1.82,1,-1.77,-1,0
160,-0.72,5,0.49,-0.1,0.85,0.07,1.16,4,2.45,1,0
161,-0.58,5,-1.58,-0.06,0.37,-0.78,1.38,4,1.6,-1,0
162,-0.15,3,-0.74,-1.5,0.57,0.06,1.42,4,-0.72,-2,1
163,-0.98,5,-0.93,-0.5,0.56,-0.33,0.14,2,2.63,-1,0
164,-0.86,5,2.68,-1.42,0.97,0.43,1.5,4,0.52,1,1
165,-0.92,-3,0.28,-1.42,0.53,-0.12,1.64,5,1.6,-1,0
166,-0.43,-3,-1.22,-0.2,0.8,0.8,0.18,1,2.71,0,0
167,-0.45,-1,0.3,-0.24,0.71,0.72,0.64,2,-2.69,-1,0
168,-0.61,1,-0.84,-0.16,0.93,0.97,1.18,2,0.99,-2,0
169,-0.9,3,0.66,-0.9,0,0.71,0.02,2,1.26,1,0
170,-0.78,-3,-1.07,-1.76,0.45,0.29,0.02,5,0.47,-2,1
171,-0.73,-3,-0.53,-0.5,0.52,0.29,1.76,2,-1.83,0,0
172,-0.92,3,0.78,-1.62,0.01,-0.29,1.68,4,-0.88,-1,0
173,-0.58,5,-0.07,-1.84,0.29,0.71,0.2,1,-0.13,-1,1
174,-0.55,1,0.92,-1.04,0.36,-0.25,0.78,4,3.19,-2,1
175,-0.24,5,1.15,-1.92,0.99,0.95,1.14,3,0.44,1,1
176,-0.21,-1,0.32,-0.6,0.12,0.58,0,1,-0.32,1,0
177,-0.62,3,0.82,-0.06,0.63,-0.37,1.94,3,-0.14,-2,0
178,-0.44,5,-1.63,-1.1,0.74,-0.71,1.74,4,4.28,0,0
179,-0.9,-3,0.38,-0.74,0.11,-0.44,1.14,4,1.5,-2,0
180,-0.52,3,-0.18,-0.02,0.49,0.91,0.78,3,0.61,-1,0
181,-0.22,3,0.02,-1.46,0.11,0.27,1.38,4,1.73,1,1
182,-0.15,-1,0.52,-1.7,0.47,0.87,1.2,1,0.21,-1,1
183,-0.17,1,1.41,-1.86,0.36,-0.65,1.92,5,0.97,0,0
184,-0.48,-3,1,-1.24,0.06,0.39,1.04,4,4.65,-1,1
185,-0.82,-3,-0.63,-0.2,0.65,0.93,0.08,1,0.39,0,0
186,-0.9,1,0.09,-0.88,0.74,-0.63,0.28,2,1.44,1,0
187,-0.71,3,0.23,-0.54,0.39,-0.7,1.14,4,-2.92,-2,0
188,-0.04,1,-0.85,-0.26,0.92,-0.52,1.18,4,-5.35,-2,0
189,-0.34,5,-1.43,-1.26,0.75,0.31,0.5,2,3.05,0,1
190,-0.27,3,1.5,-0.84,0.4,0.34,1.38,4,2.46,0,1
191,-0.39,-3,-0.98,-1.04,0.56,0.73,0.22,3,0.61,-1,1
192,-0.64,-3,0.82,-1.74,0.53,0.29,1.22,3,0.12,1,1
193,-0.72,-1,-1.28,-0.16,0.94,0.49,0.72,5,3.72,-1,0
194,-0.98,-3,1.9,-0.76,0.34,0.73,0.7,3,1.72,0,0
195,-0.45,-1,0.99,-0.06,0.99,0.2,1.1,4,0.88,1,0
196,-0.32,-3,1,-0.28,0.23,0.01,0.58,3,3.03,-2,0
197,-0.41,1,0.43,-0.08,0.1,-0.71,0.66,4,0.38,1,0
198,-0.38,3,-1.89,-1.12,0.39,0.31,0.8,1,2.91,1,1
199,-0.06,5,-1.02,-1.7,0.83,-0.92,1.14,5,1.15,0,1
200,-0.32,-1,0.57,-1.88,0.83,0.58,1.16,2,3.46,-2,1
201,-0.9,-3,-0.94,-1.44,0.3,-0.35,1.24,2,-1.58,0,1
202,-0.69,-3,0.46,-1.1,0.38,-0.09,1.3,1,3.62,-1,1
203,-0.86,-3,0.99,-1.96,0.47,0.1,1.8,4,-1.73,1,1
204,-0.78,3,0.54,-1.86,0.56,0.92,1.9,4,-0.71,1,0
205,-0.01,-1,1.49,-0.86,0.86,-0.04,1.36,2,-0.07,-2,1
206,-0.16,1,0.29,-1.74,0.14,-0.36,0.92,4,2.6,1,1
207,-0.49,5,0.37,-1.76,0.78,0.48,0.92,2,-0.47,-2,1
208,-0.55,5,-0.37,-0.7,0.43,-0.36,1.56,4,3.52,0,0
209,-0.76,3,0.43,-1.52,0.76,-0.46,0.66,5,3.24,-2,1
210,-0.87,3,1.46,-1.82,0.48,0.12,0.6,2,0.79,-2,1
211,-0.83,-1,-0.13,-1.3,0.2,-0.7,1.28,4,1.52,-1,1
212,-0.16,-1,-1.65,-0.16,0.85,-0.01,0.08,2,-1.57,-1,0
213,-0.45,5,0.8,-1.9,0.92,0.11,1.66,3,3.09,-1,1
214,-0.41,1,0.41,-1.76,0.85,0.01,0.34,5,-0.51,1,1
215,-0.46,-3,0.69,-0.06,0.12,-0.86,0.22,1,-1.96,-1,0
216,-0.42,-1,1.02,-1.2,0.28,-0.64,0.62,5,2.82,-2,1
217,-0.58,3,0.69,-1.44,0.43,0.77,0.66,5,-0.21,-2,1
218,-0.01,-3,-0.49,-0.38,0.22,-1,0.84,4,1.03,1,0
219,-0.53,5,0.08,-1.98,0.63,-0.83,1.52,3,2.79,-2,1
220,-0.42,1,-2.26,-1.1,0.95,-0.81,1.1,5,0.99,0,1
221,-0.84,-1,0.3,-0.38,0.66,0.05,1.42,1,-3.15,1,0
222,-0.4,5,0.13,-0.64,0.37,0.73,0.64,1,0.06,1,0
223,-0.61,-1,-0.17,-0.8,0.47,0.35,1.14,4,3.43,0,0
224,-0.22,3,-0.29,-1.68,0.47,0.79,1.96,1,4.24,-1,0
225,-0.69,-3,-0.14,-1.94,0.84,0.25,0.42,2,2.01,0,1
226,-0.01,5,0.16,-1.44,0.58,-0.54,1.5,2,-2.08,1,1
227,-0.78,3,0.14,-0.16,0.68,-0.82,0.64,3,0.16,-2,0
228,-0.91,-3,0.93,-1.84,0.94,-0.76,0.7,1,0.58,-1,1
229,-0.85,1,-0.23,-0.18,0.84,-0.69,0.88,3,-1.93,1,0
230,-0.28,1,1.62,-1.8,0.58,-0.62,0.06,1,4.02,1,1
231,-0.78,3,0.98,-1.12,0.56,0.74,0.8,4,-0.42,-2,1
232,-0.54,-1,0.7,-1.08,0.93,0.75,1.96,3,-1.8,0,0
233,-0.49,3,-0.13,-0.46,0.4,-0.55,0.24,5,1.45,-1,0
234,-0.11,1,0.79,-0.22,0.68,-0.32,1.6,4,0.15,-2,0
235,-0.09,-1,1.74,-0.78,0.9,-1,0.04,4,0.3,-1,0
236,-0.16,5,-1.58,-0.22,0.49,-0.54,0.8,3,0.5,1,0
237,-0.87,3,-1.48,-0.26,0.53,-0.56,1.28,3,0.5,-2,0
238,-0.71,5,0.24,-1.7,0.71,0.8,0.32,4,-1.82,0,1
239,-0.53,-1,-0.99,-0.84,0.25,-0.47,0.24,1,1.27,-1,0
240,-0.99,3,1.93,-0.02,0.76,0.46,1.16,2,4.81,1,0
241,-0.8,-3,-1.8,-0.56,0.76,0.37,0.4,1,1.73,-2,0
242,-0.35,5,1.43,-0.9,0.11,0.93,0.46,5,1.28,-2,0
243,-0.85,1,-0.4,-0.14,0.05,0.53,1.76,5,3.09,-2,0
244,-0.53,-1,-1.86,-0.32,0.91,0.87,1.68,1,0.19,-2,0
245,-0.33,3,-1.98,-0.66,0.09,-0.8,1,4,2.28,0,0
246,-0.05,5,-1.57,-0.12,0.2,0.38,0.78,5,-2.13,0,0
247,-0.06,5,-0.59,-0.78,0.49,-0.41,1.02,2,5.1,1,0
248,-0.1,-1,-1.65,-0.84,0.81,0.05,1.06,4,0.79,0,0
249,-0.16,1,-1.89,-1.9,0.72,0.78,1.8,1,-2.04,-2,1
250,-0.89,-1,0.13,-1.08,0.49,0.41,1.56,2,3.73,-1,0
251,-0.04,-1,-0.05,-1.02,0.39,0.79,1.1,1,2.58,0,1
252,-0.89,-1,-1.27,-1.64,0.14,0.05,0.38,4,0.6,-1,1
253,-0.81,1,0.97,-0.7,0.55,0.29,1.16,1,1.4,0,0
254,-0.98,-1,0.1,-0.14,0.01,-0.52,1.16,5,1.24,-2,0
255,-0.95,-1,-0.64,-1.42,0.69,0.16,1.5,1,4.11,-1,1
256,-0.22,5,-0.07,-0.38,0.5,0.9,1.12,2,-0.19,1,0
257,-0.16,-3,0.64,-0.94,0.06,-0.3,1.62,4,-0.77,-2,0
258,-0.21,-1,-0.09,-1.04,0.46,-0.6,0.58,1,-1.96,-2,1
259,-0.3,3,-0.01,-1.92,0.06,-0.3,1.48,2,0.81,-1,1
260,-0.47,5,-0.21,-1.9,0.86,0.81,1.66,5,-0.55,0,1
261,-0.16,1,0.79,-1.96,0.64,0.84,0.48,2,-2.28,0,1
262,-0.71,1,-1.65,-1.74,0.46,0.41,0.52,2,-3.21,0,1
263,-0.52,-3,0.02,-1.8,0.78,-0.65,1.56,1,2.66,-1,1
264,-0.02,3,-0.03,-1.52,0.57,0.41,0.5,3,-2.61,0,1
265,-0.9,3,-2.03,-0.62,0.72,-0.93,0.78,4,-1.34,-1,0
266,-0.37,1,1.19,-0.14,0.69,-0.46,1.06,3,2.05,-1,0
267,-0.15,5,0.65,-1.28,0.31,0.74,1.56,2,1.53,0,0
268,-0.42,5,0.23,-1.96,0.95,-0.81,0.74,2,-1.51,0,1
269,-0.46,5,0.99,-1.42,0.45,-0.29,0.18,5,1.1,-2,1
270,-0.29,3,0.49,0,0.99,-0.88,1.34,2,3.08,1,0
271,-0.5,5,1.37,-0.72,0.46,-0.31,1.28,2,-1.82,0,0
272,-0.18,3,-1.37,-1.14,0.25,-0.36,1.02,2,0.71,-1,1
273,-0.17,1,0.49,-1.66,0.52,-0.9,0.1,3,3.79,-1,1
274,-0.14,-1,0.95,-0.26,0.08,0.5,1.02,1,2.35,-2,0
275,-0.5,3,-0.3,-0.16,0.71,-0.17,0.56,2,-0.39,1,0
276,-0.93,3,-0.01,-1.24,0.55,0.24,0.84,5,2.3,-2,1
277,-0.63,-3,-0.54,-0.86,0.35,0.53,1.86,1,0.31,1,0
278,-0.74,-3,-0.21,-1.12,0.75,0.02,1.26,2,0.78,-2,1
279,-0.47,1,-0.57,-0.66,0.06,-0.05,1.9,5,0.92,-2,0
280,-0.9,-1,-0.69,-1.8,0.81,-0.24,0.56,2,-0.81,-2,1
281,-0.87,5,-0.45,-1.8,0.22,0.6,1.14,5,1.32,-1,1
282,-0.95,-1,0.42,-1.76,0.67,-0.41,1.12,4,2.18,-1,1
283,-0.55,3,-1.24,-1.64,0.85,-0.73,1.74,4,4.2,-1,0
284,-0.25,5,0.37,-1.6,0.47,0.42,1.56,4,3.63,-2,1
285,-0.36,3,0.29,-1,0.15,0.77,0.26,3,-0.18,-1,1
286,-0.94,5,-0.77,-1.56,0.27,-0.68,0.24,2,-0.21,0,1
287,-0.85,-1,-0.85,-0.06,0.9,-0.07,1.3,2,2.36,1,0
288,-0.66,-1,0.73,-0.82,0.19,-0.98,0.28,1,0.21,-1,0
289,-0.24,-1,0.9,-1.08,0.97,0.04,1.4,4,1.8,-2,1
290,-0.12,3,-0.57,-1.62,0.17,-0.29,1.9,3,2.15,1,0
291,-0.8,-3,-1.06,-0.54,0.09,-0.84,1.56,1,3.27,0,0
292,-0.23,1,0.28,-0.3,0.18,-0.5,1.76,5,2.9,0,0
293,-0.94,5,1.18,-1.66,0.3,-0.68,1.66,4,2.43,-2,0
294,-0.67,1,-0.92,-0.88,0.3,0.08,0.9,1,0.76,0,0
295,-0.12,5,-0.61,-0.06,0.04,-0.34,1.86,3,0.08,-2,0
296,-0.71,5,-0.29,-1.46,0.6,0.18,0.14,5,0.03,-2,1
297,-0.02,-3,-0.32,-1.2,0.38,-0.87,1.22,4,-3.36,0,1
298,-0.37,5,0.79,-1.98,0.9,-0.54,1.34,1,0.08,1,1
299,-0.74,3,-0.51,-0.84,0.19,-0.57,0.92,4,2.18,0,0
300,-0.51,-1,-2.43,-0.5,0.04,0.81,0.62,1,0.14,0,0
301,-0.16,5,-1.43,-1.74,0.74,0.35,0.78,2,-1.38,0,1
302,-0.98,-1,-0.24,-0.44,0.72,0.45,1.14,1,1.97,0,0
303,-0.03,-3,0.58,-1.46,0.42,0.43,1.7,5,1.16,1,0
304,-0.71,5,-0.75,-1.96,0.65,0.6,0.56,2,1.43,-2,1
305,-0.35,-3,1.06,-1.54,0.44,-0.72,1.78,3,0.81,0,0
306,-0.29,5,-0.32,-0.76,0.8,-0.79,0.04,5,-1.21,-2,0
307,-0.06,3,0.59,-1.14,0.1,-0.94,0.24,1,0.16,0,1
308,-0.61,1,-0.05,-1.48,0.18,-0.47,1.02,2,-0.88,-2,1
309,-0.94,-3,1.87,-1.8,0.59,-0.36,1.48,5,0.55,-1,1
310,-0.42,1,-0.82,-0.46,0.52,0.57,0.3,3,0.71,0,0
311,-0.01,3,0.2,-0.28,0.12,-0.85,0.02,3,1.68,-2,0
312,-0.04,3,-1.31,-1.9,0.96,0.69,0.9,2,0.95,-1,1
313,-0.29,5,-0.52,-0.66,0.12,-0.78,0.24,5,1.99,0,0
314,-0.11,3,-0.93,-1.36,0.41,-0.91,1.96,2,-1.47,-1,0
315,-0.17,1,-0.17,-1.94,0.17,-0.26,0.34,4,0.5,-1,1
316,-0.59,3,1.05,-0.6,0.47,0.09,0.08,1,4.59,-1,0
317,-0.59,5,-1.37,-1.06,0.28,0.46,0.18,1,1.55,-2,1
318,-0.78,5,0.05,-1.5,0.74,-0.85,0.62,1,0.27,-2,1
319,-0.8,5,-1.11,-0.58,0.11,0.96,0.68,5,0.47,-1,0
320,-0.16,1,-0.8,-0.56,0.69,0.05,1.82,4,1.51,1,0
321,-0.81,5,-0.01,-1.1,0.37,0.18,1.1,2,2.41,1,1
322,-0.08,5,-1.34,-1.42,0.62,0.25,0.68,3,-2.02,-2,1
323,-0.8,3,0.53,-0.32,0.8,-0.77,1.12,1,0.68,1,0
324,-0.02,-1,1.05,-0.64,0.45,-0.29,0.28,2,4.62,0,0
325,-0.07,1,0.55,-1.66,0.18,0.81,1.3,5,-1.15,-2,1
326,-0.71,-3,0.05,-1.2,0.47,-0.12,1.86,1,-0.64,-2,0
327,-0.6,-3,0.31,-1.32,0.62,0.69,0.84,5,-1.09,-1,1
328,-0.89,3,0.74,-1.36,0.75,-0.27,0.52,3,4.24,-2,1
329,-0.44,1,1.31,-0.18,0.18,-0.01,0.34,2,0.66,-1,0
330,-0.03,1,-0.33,-0.94,0.6,0.36,1.9,3,0.5,0,0
331,-0.21,5,1.08,-1.72,0.87,-0.34,0.62,3,-1.82,-1,1
332,-0.35,-3,1.07,-1.64,0.12,-0.16,1.7,4,2.92,1,0
333,-0.95,1,0.67,-1.38,0.33,0.3,0.04,1,1.31,0,1
334,-0.59,1,-0.86,-0.92,0.43,0.93,1.52,5,2.36,-1,0
335,-0.91,5,0.48,-1.1,0.24,0.49,1.26,5,0.69,-2,1
336,-0.6,-1,0.09,-0.08,0.79,-0.18,0.4,3,1.73,-1,0
337,-0.66,5,-2.45,-1.52,0.74,-0.85,1.18,1,0.3,1,1
338,-0.54,-1,-1.19,-0.86,0.71,-0.06,0.44,2,6.49,0,0
339,-0.67,1,0.05,-0.34,0.63,0.54,1.02,2,0.17,0,0
340,-0.85,-3,-0.06,-1.24,0.44,-0.07,1.84,2,4.98,1,0
341,-0.89,-1,1.18,-0.52,0.09,-0.14,0.96,4,-0.51,0,0
342,-0.93,-3,-1.13,-0.3,0.95,-0.74,0.64,5,4.31,-1,0
343,-0.34,-1,-1,-0.96,0.87,0.98,1,4,2.49,-1,1
344,-0.05,3,-0.01,-1.36,0.87,0.96,0.48,4,0.85,-1,1
345,-0.16,5,0.6,-1.82,0.31,-0.32,1.06,2,0.56,0,1
346,-0.96,5,0.2,-0.84,0.48,-0.51,1.08,2,-1.53,0,0
347,-0.31,1,-0.28,-1.62,0.59,-0.93,1.94,2,-0.1,0,0
348,-0.78,3,0.03,-1.06,0.11,0.52,0.88,5,0.07,-1,1
349,-0.68,-3,2.37,-1.76,0.74,0.18,1.84,1,-1.99,-2,0
350,-0.07,1,-1.6,-0.42,0.47,0.98,1.64,3,4.55,-1,0
351,-0.43,-1,0.14,-0.84,0.58,-0.64,0.34,1,4.93,0,0
352,-0.55,5,-1.37,-1.6,0.47,-0.55,0.84,5,1.18,-2,1
353,-0.2,1,0.51,-0.48,0.53,0.7,1.26,3,-0.32,-2,0
354,-0.3,5,-0.82,-1.16,0.25,0.74,0.48,3,-0.96,1,1
355,-0.2,-1,0.41,-0.48,0.27,0.82,1.26,4,0.24,-1,0
356,-0.38,-3,-1.47,-1.48,0.14,0.42,0.96,3,-2.54,-2,1
357,-0.89,1,2.58,-1.96,0.38,-0.21,0.42,2,1.64,1,1
358,-0.21,-1,-0.66,-1.92,0.25,-0.24,0.72,1,-2.06,-2,1
359,-0.52,5,0.3,-0.56,0.57,-0.27,1.5,3,2.95,-2,0
360,-0.01,1,1.64,-1.24,0.69,0.56,1.14,2,1.09,-1,1
361,-0.1,3,-1.76,-0.38,0.05,0.12,1.5,3,-0.35,0,0
362,-0.42,-1,0.69,-1.8,0.15,0.02,1.04,4,2.6,-2,1
363,-0.1,5,-0.39,-1.46,0.31,0.76,1.1,5,-2.04,-2,1
364,-0.46,3,-1.22,-0.64,0.92,0.81,1.46,5,1.27,-2,0
365,-0.01,-3,-0.13,-1.74,0.18,-0.5,1.44,5,2.15,-2,1
366,-0.06,-1,0.48,-1.28,0.29,-0.82,0.5,4,1.12,-2,1
367,-0.09,1,0.78,-1.88,0.78,0.29,0.86,2,1.42,0,1
368,-0.07,-3,0.02,-1.42,0.4,0.15,0.98,2,-0.72,-1,1
369,-0.37,3,-0.09,-1.48,0.17,0.43,0.78,5,1.21,-1,1
370,-0.94,5,-0.09,-1.66,0.76,-0.76,1.82,2,2.1,0,0
371,-0.01,1,-0.09,-0.56,0.74,-0.09,1.62,1,1.78,-2,0
372,-0.46,-3,0.78,-1.58,0.94,0.83,1.9,3,3.71,0,0
373,-0.68,5,0.05,-1.38,0.79,-0.43,1.54,1,4.17,0,0
374,-0.9,-1,0.97,-0.74,0.83,-0.23,1.08,2,0.5,-1,0
375,-0.86,-1,-0.77,-0.96,0.27,-0.5,0.32,2,1.79,0,1
376,-0.7,5,-0.87,-0.48,0.25,-0.37,0.16,4,1.78,0,0
377,-0.04,-3,-0.25,-0.8,0.62,-0.15,1.04,1,0.67,1,0
378,-0.2,-1,1.96,-1.6,0.05,-0.62,1.94,2,2.82,0,0
379,-0.02,1,-0.33,-1.94,0.23,-0.38,1.66,1,1.18,-2,1
380,-0.13,5,-0.61,-1.56,0.89,-0.77,1.42,2,-2.22,0,1
381,-0.87,5,0.02,-0.62,0.78,0.69,1.16,5,-4.51,0,0
382,-0.05,1,0.01,-0.42,0.08,-0.82,0.64,4,-0.31,-2,0
383,-0.36,1,0.33,-0.56,0.24,0.13,0.74,1,-0.08,-2,0
384,-0.53,-3,1.02,-0.08,0.7,-0.65,0.4,5,0.63,-1,0
385,-0.92,-3,-1.4,-0.1,0.52,-0.66,1.1,3,0.37,-2,0
386,-0.09,3,-0.02,-1.28,0.94,-0.36,0.9,4,-0.02,1,1
387,-0.47,3,-0.2,-1.7,0.19,-0.01,0.94,4,0.64,-2,1
388,-0.7,1,-0.81,-1.06,0.49,0.86,0.54,4,0.66,0,1
389,-0.35,3,1.34,-1.12,0.27,0.3,0.22,1,-0.41,1,1
390,-0.75,5,0.22,-0.42,0.6,-0.33,1.7,1,2.03,1,0
391,-0.01,-3,-1.49,-0.62,0.26,-0.36,1.2,1,0.52,-2,0
392,-0.18,1,-0.93,-0.32,0.69,-0.46,0.7,2,2.17,-2,0
393,-0.3,-1,0.92,-1.38,0.1,0.94,0.8,5,-0.22,-2,1
394,-0.65,-3,-0.84,-0.38,0.59,-0.78,1.56,4,-0.15,0,0
395,-0.41,3,0.09,-1.74,0.57,-0.79,0,4,3.44,-1,1
396,-0.07,3,0.43,-1.84,0.79,-0.29,0.4,1,-4.61,-2,1
397,-0.01,-1,-0.48,-0.44,0,-0.72,0.3,3,-1.99,0,0
398,-0.44,-3,0.81,-1.94,0.13,-0.73,1,5,1.67,0,1
399,-0.8,5,-0.9,-1.5,0.54,-0.52,1.3,2,-0.74,-1,1
400,-0.79,3,1.45,-0.02,0.47,0.09,0.02,2,1.83,1,0
401,-0.14,1,0.43,-1.22,0.18,-0.97,1.36,5,1.36,0,1
402,-0.74,5,0.74,-0.38,0.31,0.2,0.66,4,-0.22,1,0
403,-0.79,5,-1.06,-0.5,0.71,0.46,0.98,4,-1.72,1,0
404,-0.34,1,0.78,-0.84,0.22,0.27,1.74,4,3.6,-1,0
405,-0.47,-3,-0.61,-1.98,0.29,-0.47,0.62,3,0.02,-1,1
406,-0.69,5,0.54,-0.52,0.3,-0.98,0.3,1,-1.65,0,0
407,-0.96,1,-0.05,-1.68,0.29,-0.8,0.36,5,-0.87,-2,1
408,-0.48,5,-0.27,-0.72,0.44,-0.91,0.36,2,4.71,-2,0
409,-0.42,3,0.14,-0.04,0.35,-0.99,0.98,5,0.29,-2,0
410,-0.19,1,-0.7,-0.44,0.82,-0.34,0.14,5,4.32,1,0
411,-0.69,5,1.34,-0.32,0.53,-0.13,0.24,2,-2.49,-1,0
412,-0.51,-1,0.55,-1.54,0.83,-0.01,1.9,2,-1.31,1,0
413,-0.66,-1,0.36,-0.32,0.79,-0.69,0.78,3,-0.99,0,0
414,-0.33,-1,-0.38,-0.58,0.95,-0.34,1.96,4,0.77,0,0
415,-0.33,-1,-1,-0.08,0.01,0.25,1.74,3,0.08,-2,0
416,-0.97,5,0.05,-0.24,0,-0.67,1.2,1,0.22,-2,0
417,-0.92,-1,0.74,-1.32,0.41,0.73,1.48,2,-2.84,-2,1
418,-0.44,-3,-0.26,-1.36,0.59,0.72,1.24,5,3.89,1,1
419,-0.8,-3,-0.31,-2,0.54,0.36,0.86,4,2.6,-2,1
420,-0.78,3,0.04,-0.74,0.37,0.29,1.94,3,2.8,-1,0
421,-0.94,5,-1.24,-0.68,0.63,0.63,0.52,1,4.58,-2,0
422,-0.02,1,-1.62,-1.08,0.74,0.46,0.5,4,-0.28,-1,1
423,-0.39,1,0.7,-0.86,0.53,0.75,1.6,1,-1.42,0,0
424,-0.56,-1,0.49,-1.06,0.24,-0.29,1.3,1,3.37,-2,1
425,-0.4,3,-1.31,-0.44,0.24,0.36,1.06,5,1.32,-1,0
426,-0.43,-1,-0.52,-1.94,0.32,-0.08,0.72,3,-1.11,1,1
427,-0.85,5,0.82,-0.8,0.02,0.69,1.16,4,3.22,1,0
428,-0.6,-3,1.79,-1.6,0.24,-0.94,1.4,4,1.53,0,1
429,-0.81,-3,-0.44,-0.48,0.25,-0.54,0.1,3,-1.32,-2,0
430,-0.58,5,1.23,-0.82,0.77,-0.65,1.94,2,4.21,-2,0
431,-0.92,5,0.4,-1.68,0.89,-0.99,0.64,1,2.8,0,1
432,-0.91,5,2,-1.1,0.31,-0.34,0.12,4,-0.62,-2,1
433,-0.6,-1,0.25,-1.44,0.81,0.24,1.36,5,-0.19,0,1
434,-0.76,1,-0.4,-1.16,0.94,-0.9,0.34,4,0.53,-2,1
435,-0.01,-1,-1.52,-1.22,0.86,0.62,1.84,4,0.71,1,0
436,-0.81,3,-0.47,-1.36,0.51,0.13,0.72,1,1,-2,1
437,-0.41,1,-1.91,-0.02,0.68,-0.34,1.06,3,0.99,0,0
438,-0.51,-3,0,-1.1,0.78,-0.29,1.26,3,0.44,1,1
439,-0.79,1,1.53,-0.94,0.46,0.06,0.18,1,0.52,-2,0
440,-0.94,3,0.1,-0.82,0.03,0,1.42,3,1.94,-1,0
441,-1,-1,1.52,-1.26,0.27,0.22,1.62,2,-0.53,-2,0
442,-0.77,1,0.03,-0.42,0.41,0.51,0.06,1,-2.33,-1,0
443,-0.4,-1,-0.05,-0.28,0.95,0.73,1.28,5,0,-2,0
444,-0.28,-3,-0.76,-0.12,0.03,-0.31,1.4,3,4.1,-1,0
445,-0.29,5,-1.13,0,0.71,-0.32,1.94,4,-2.69,-1,0
446,-0.36,-1,-1.35,-0.16,0.88,0.58,0.58,3,-0.56,-1,0
447,-0.41,-1,0.1,-0.64,0.39,0.82,1.5,3,2.77,1,0
448,-0.68,-3,-0.94,-1.66,0.41,0.11,1.86,5,1,-2,0
449,-0.05,-3,0.91,-0.22,0.38,-0.15,0.62,1,3.01,0,0
450,-0.16,1,-0.25,-0.54,0.55,0.7,0.64,5,-1.69,1,0
451,-0.25,3,-0.1,-0.5,0.65,-0.57,1.2,2,-1.92,0,0
452,-0.72,-3,-0.87,-0.66,0.23,0.28,1.42,4,-1.05,-2,0
453,-0.46,-3,0.35,-0.9,0.4,0.51,0.9,5,3.12,-2,0
454,-0.27,3,0.14,-0.3,0.08,0.13,1.22,2,3.69,1,0
455,-0.79,-1,0.62,-0.2,0.11,0.61,1.4,1,2.19,1,0
456,-0.75,3,0.13,-1.64,0.09,0.82,1.24,2,1.27,1,1
457,-0.74,3,1.4,-0.14,0.38,-0.69,0.78,4,2.16,-2,0
458,-0.14,-1,0.32,-0.02,0.45,0.77,0.74,5,-2.34,0,0
459,-0.36,-1,0.03,-1.02,0.35,-0.12,1.38,3,1.98,-2,1
460,-0.12,1,1.11,-0.82,0.34,-0.77,0.14,3,2.19,-2,0
461,-0.22,-3,-1.28,-0.72,0.78,0.69,1.88,4,5.05,-2,0
462,-0.96,-1,-2.43,-1.28,0.92,0.44,1.78,5,-0.16,0,0
463,-0.37,3,-2.4,-0.5,0.78,-0.69,1.34,3,4.75,-2,0
464,-0.61,-3,-0.94,-1.22,0.85,-0.5,0.2,3,5.2,0,1
465,-0.95,5,0.21,-1.1,0.17,0.89,0.02,4,0.03,-2,1
466,-0.77,-3,1.54,-0.98,0.8,-0.59,1.94,4,5.33,1,0
467,-0.55,-1,0.09,-0.4,0.33,-0.48,0.5,2,1.69,-2,0
468,-0.63,-1,-0.23,-0.6,0.65,-0.57,1.74,2,-0.26,-2,0
469,-0.38,5,0.4,-0.64,0.97,-0.82,1.36,3,1.71,0,0
470,-0.84,-3,-0.62,-1.56,0.2,0.69,1.32,5,3.82,-1,1
471,-0.94,3,-0.83,-0.44,0.59,-0.78,0.12,4,2.26,-2,0
472,-0.9,3,0.37,-1.24,0.27,-0.73,1.68,4,1.52,0,0
473,-0.1,1,0.37,-0.62,0.97,-0.77,0.7,1,1.76,1,0
474,-0.03,-3,-0.44,-0.88,0.81,-0.78,1.92,5,2.03,-2,0
475,-0.24,3,-0.22,-0.58,0.43,-0.46,0.8,5,3.04,1,0
476,-0.62,-1,-1.14,-1.78,0.55,-0.98,1.08,5,2.4,-1,1
477,-0.17,-3,1.11,-1.58,0.79,0.95,1.96,1,2.07,-2,0
478,-0.52,5,1.05,-1.7,0.22,-0.75,1.24,5,0.18,0,1
479,-0.28,-1,1.4,-0.08,0.89,-0.01,1.3,4,-0.21,-1,0
480,-0.75,1,-0.39,-1.88,0.92,0.87,1.04,1,-4.57,0,1
481,-0.89,5,-2.77,-1.14,0.26,-0.5,0.62,1,3.86,0,1
482,-0.12,-3,-2.12,-1.94,0.47,-0.62,1.94,5,3.54,0,1
483,-0.22,-1,-0.73,-0.28,0.24,-0.22,0.76,2,0.38,0,0
484,-0.41,1,-0.77,-0.56,0.27,-0.53,1.76,4,-4.38,-2,0
485,-0.2,5,0.64,-0.66,0.71,-0.93,1.48,5,5.41,-2,0
486,-0.32,-1,-0.36,-1.22,0.31,-0.89,1.74,1,4.15,0,0
487,-0.71,3,0.99,-1.24,0.16,0.34,0.94,4,4.63,1,1
488,-0.34,3,1.22,-0.46,0.25,-0.96,0.32,5,3.15,0,0
489,-0.6,-3,0.57,-2,0.16,-0.95,0.08,5,0.04,-1,1
490,-0.05,1,0.34,-1.24,0.29,-0.02,0.88,3,0.5,0,1
491,-0.73,1,0.97,-0.16,0.83,-0.58,0.46,4,-1.4,-2,0
492,-0.46,3,0.4,-0.24,0.78,-0.92,1,1,0.48,-1,0
493,-0.78,5,-0.34,-1.88,0.69,-0.9,0.74,4,1.12,0,1
494,-0.15,5,-0.31,-0.32,0.8,-0.35,1.62,3,0.72,1,0
495,-0.34,1,0.1,-0.88,0.91,0.79,0.16,2,-0.24,1,0
496,-0.88,1,1.2,-0.54,0.81,0.81,1.08,2,1.92,0,0
497,-0.56,1,1.87,-1.08,0.11,0.3,0.34,1,0.52,-2,1
498,-0.42,-3,-0.36,-0.64,0.87,-0.74,0.66,5,-1.6,1,0
499,-0.54,5,-1.42,-0.42,0.24,-0.19,0.82,3,4,0,0
500,-0.23,3,-0.81,-1.9,0.03,-0.3,0.34,4,0.52,1,1
501,-0.05,-3,0.48,-0.08,0.33,0.36,1.26,2,1.53,-2,0
502,-0.37,-3,0.45,-0.52,0.95,0.37,0.52,3,1.42,0,0
503,-0.17,3,-1.65,-0.62,0.58,0.14,1.1,1,1.37,1,0
504,-0.27,-1,0.81,-0.54,0.69,-0.59,0.08,5,0.8,-1,0
505,-0.06,1,0.18,-1.96,0.3,0.71,0.28,5,0.45,-1,1
506,-0.62,5,0.77,-0.2,0.24,-0.48,0.88,1,1.14,0,0
507,-0.36,-1,-0.75,-0.42,0.17,-0.1,1.02,2,2.74,1,0
508,-0.09,3,0.82,-1,0.83,0.24,1.52,1,0.2,1,0
509,-0.4,-1,-0.1,-0.68,0.54,0.38,0.74,1,2.26,1,0
510,-0.7,-1,0.36,-1.3,0.06,0.76,0.86,3,0.86,-1,1
511,-0.29,-3,0.99,-1.22,1,0.7,1.9,1,1.55,0,0
512,-0.41,-1,-0.08,-1.42,0.07,0.09,0.84,2,3.34,-1,1
513,-0.16,5,2.44,-1.44,0.92,0.57,0.08,3,-1.01,-1,1
514,-0.34,-3,-1.77,-1.68,0.67,0.89,0.96,4,4.89,-1,1
515,-0.71,5,1.08,-1.62,0.28,-0.16,1.22,4,1.26,-2,1
516,-0.49,3,-0.08,-1.32,0.31,0.02,1.06,3,1.74,-2,1
517,-0.71,5,0.93,-1.62,0.34,0.71,0.28,5,1.19,-1,1
518,-0.78,-1,-1.52,-1.74,0.73,0.16,0.22,2,-1.07,0,1
519,-0.48,5,0.8,-1.04,0.98,-0.03,0.64,4,4.52,0,1
520,-0.71,5,0.24,-1.6,0.05,0.14,0.76,4,-3.01,1,1
521,-0.31,-1,0.25,-1.28,0.68,0.75,0.3,3,2.34,-1,1
522,-0.83,3,-0.13,-0.26,0.63,-0.57,1.66,1,1.33,0,0
523,-0.22,-1,-1.09,-0.26,0.3,0.38,0.12,4,-0.23,0,0
524,-0.73,-3,-1.29,-0.42,0.93,-0.81,1.56,1,-1.37,0,0
525,-0.77,1,-1,-1.82,0.55,-0.24,1.66,4,1.09,0,1
526,-0.53,-1,0.25,-1.62,0.07,-0.61,0.74,4,1.46,1,1
527,-0.22,5,-0.64,-1.9,0.71,-0.3,1.86,1,0.77,-1,1
528,-0.08,1,-1,-0.7,0.94,0.44,1.64,3,-3.37,-1,0
529,-0.42,1,-1.39,-1.72,0.49,0.45,0.3,2,1.17,-1,1
530,-0.87,1,0.66,-0.16,0.16,0.59,1.62,2,1.97,-2,0
531,-0.84,5,-3.69,-0.62,0.89,0.25,0.38,2,1.29,-2,0
532,-0.91,-1,-0.38,-1.7,0.06,-0.11,0.1,4,-0.55,-2,1
533,-0.73,5,0.08,-1.12,0.32,-0.13,0.36,5,1.7,0,1
534,-0.14,3,-0.37,-1.66,0.66,-0.18,0.9,1,-1,-1,1
535,-0.85,1,2.04,-1.48,0.2,-0.27,0.04,2,-0.47,0,1
536,-0.54,-3,0.18,-0.84,0.34,0.13,0.6,3,-0.27,1,0
537,-0.7,1,1.73,-1.64,0.13,0.58,0.42,5,-1.61,1,1
538,-0.19,1,0.72,-1.68,0.45,-0.47,0.92,1,1.95,-2,1
539,-0.22,3,-0.12,-0.1,0.54,-0.01,0.08,4,0.08,-2,0
540,-0.35,1,-1.73,-1.66,0.39,-0.47,0.5,1,0.1,0,1
541,-0.87,3,0.99,-0.5,0.99,-0.77,1.74,2,-0.14,-2,0
542,-0.01,3,-0.21,-1.34,0.62,0.2,0.04,1,3.22,0,1
543,-0.2,-1,-0.51,-1.78,0.85,0.46,1.88,2,-2.28,-2,0
544,-0.7,-1,-1.84,-1.58,0.72,-0.68,1.78,2,1.68,1,0
545,-0.57,-1,0.45,-0.06,0.66,-0.7,0.94,1,-3.32,0,0
546,-0.35,-3,0.42,-0.92,0.61,-0.52,0.68,3,-0.06,0,0
547,-0.33,-3,-1.62,-0.64,1,0.18,1.1,4,2.68,0,0
548,-0.75,5,0.23,-0.82,0.84,-0.19,0,1,-0.28,0,0
549,-0.89,1,-1.84,-0.72,0.97,0.56,0.76,5,0.17,1,0
550,-0.3,-1,-0.99,-1.66,0.94,-0.24,1.34,2,1.36,-2,1
551,-0.54,5,-0.12,-1.5,0.39,-0.94,0.3,4,2.34,1,1
552,-0.36,1,-1.32,-1.66,0.16,-0.63,0.9,2,1.38,-1,1
553,-1,1,0.04,-1.3,0.93,0.48,1.24,2,3.41,-2,1
554,-0.1,-3,-0.71,-0.18,0.58,0.75,1.5,2,3.4,0,0
555,-0.22,3,0.24,-1.14,0.45,0.42,1.68,3,0.12,-2,0
556,-0.77,-1,-1.24,-1.66,0.13,0.57,1.9,3,1.59,0,0
557,-0.08,-1,1.31,-0.06,0.65,0.7,1.62,4,-0.14,0,0
558,-0.51,-3,0.1,-0.58,0.66,-0.5,1.74,5,-1.72,-1,0
559,-0.16,-3,1.79,-1.22,0.37,0.93,0.62,2,0.53,1,1
560,-0.71,-1,-0.7,-0.84,0.14,0.52,0.72,4,2.84,1,0
561,-0.42,5,-1.01,-0.96,0.8,1,0.68,3,-1.93,1,0
562,-0.43,5,0.06,-0.46,0.58,0.59,0.86,1,-1.36,-1,0
563,-0.95,1,-0.15,-1.8,0.5,0.23,1.78,3,0.97,-1,1
564,-0.96,-1,1.05,-1.62,0.32,-0.22,0.86,1,2.5,0,1
565,-0.55,1,1.91,-1.68,0.64,0.75,1.98,1,-0.49,0,0
566,-0.24,5,-1.07,-1.04,0.9,0.38,1.46,1,3.91,-1,0
567,-0.1,-3,0.73,-0.2,0.05,0.81,2,4,1.44,0,0
568,-0.45,-1,-0.72,-0.48,0.77,0.29,1.46,2,-1.59,-2,0
569,-0.4,3,1.23,-0.12,0.22,0.25,1.44,3,2.12,-1,0
570,-0.53,-3,-0.95,-0.84,0.87,-0.3,0.44,4,0.85,-1,0
571,-0.34,-3,-0.23,-0.9,0.56,-0.04,1.02,3,-0.31,1,1
572,-0.33,5,0.27,-1.8,0.72,-0.09,1.52,5,0.15,-2,1
573,-0.38,5,-0.19,-1.4,0.95,-0.22,0.66,5,-0.89,1,1
574,-0.45,5,0.75,-0.7,0.94,0.69,0.92,1,1.26,-2,0
575,-0.11,5,0.3,-0.1,0.49,0.03,0.04,2,1.15,0,0
576,-0.28,1,0.31,-0.88,0.11,0.19,1.38,2,4.17,0,1
577,-0.51,3,-1.52,-0.42,0.23,-0.57,0.52,3,1.01,0,0
578,-0.03,1,0.93,-1.4,0.15,-0.07,1.86,1,2.46,-1,0
579,-0.35,-1,0.79,-1.7,0.87,-0.47,1.22,5,-3.71,-1,1
580,-0.12,-3,0.13,-1,0.27,-0.22,1.08,1,-0.27,-1,1
581,-0.03,5,-3.75,-1.22,0.97,-0.53,1,4,0.21,0,1
582,-0.48,-1,-1.51,-0.16,0.7,0.09,0.52,2,1.59,-2,0
583,-0.97,-1,1.39,-1.22,0.55,0.92,0.36,2,0.13,1,1
584,-0.76,-1,0.84,-1.96,0.87,0.2,0.24,4,3.64,-1,1
585,-0.32,1,-1.24,-0.82,0.15,-0.42,1.62,5,1,-2,0
586,-0.24,5,-1.14,-0.18,0.17,0.02,1.6,3,3.48,0,0
587,-0.55,1,1.03,-0.46,0.58,-0.94,1.56,3,-2.88,0,0
588,-0.69,1,0.17,-0.06,0.81,0.24,0.92,2,1.11,-1,0
589,-0.56,3,-0.69,-1.4,0.54,-0.83,0.12,1,-0.19,0,1
590,-0.63,-1,-0.72,-0.88,0.88,0.04,1.3,4,0.6,-1,1
591,-0.71,5,0.61,-0.56,0.06,0.29,1.6,2,3.28,-1,0
592,-0.1,5,0.16,-0.88,0.77,-0.24,0.28,1,0.88,-1,0
593,-0.79,-3,-0.57,-0.6,0.87,-0.33,0.28,5,0.45,-2,0
594,-0.51,1,-1.57,-1.42,0.02,0.24,1.12,2,2.79,-2,1
595,-0.22,3,1.28,-1.62,0.23,-0.76,0.34,1,-0.83,-1,1
596,-0.3,3,0.35,-1.44,0.03,-0.08,1.06,4,-0.37,1,1
597,-0.43,5,0.59,-0.76,0.83,0.32,0.36,5,-3.78,-1,0
598,-0.25,-1,0.28,-0.92,0.68,-0.56,0.56,5,-0.38,1,0
599,-0.5,3,0.86,-1.22,0.77,0.86,0.42,3,0.75,-2,1
600,-0.71,5,-0.01,-0.78,0.47,0.79,0.7,4,-0.11,1,0
601,-0.74,3,-1.09,-1.48,0.27,0.19,0.08,5,-0.83,1,1
602,-0.88,-1,0.46,-0.58,0.97,0.03,2,5,0.19,0,0
603,-0.07,-3,1.17,-1.02,0.36,0.98,1.02,3,2.87,1,1
604,-0.25,1,2.36,-1.38,0.95,-0.61,1.1,3,0.13,1,1
605,-0.14,5,0.38,-1.14,0.15,0.21,0.32,3,3.16,-1,1
606,-0.29,-3,0.1,-0.42,0.7,-0.51,1.88,2,0.82,0,0
607,-0.93,-1,-0.14,-0.32,0.78,-0.36,1.64,1,1.21,1,0
608,-0.57,-1,0.1,-1.02,0.77,-0.52,1.34,4,0.66,0,1
609,-0.56,5,0.85,-1.1,0.92,-0.74,0.74,2,0.23,1,1
610,-0.94,-1,0.55,-0.38,0.75,0.37,0.4,3,1.13,-1,0
611,-0.56,5,1.57,-1.24,0.77,-0.19,0.66,4,0.51,0,1
612,-0.26,5,-0.83,-1.24,0.29,0.34,0.56,2,1.6,0,1
613,-0.76,3,0.57,-1.56,0.13,0.51,0.14,3,0.17,-1,1
614,-0.26,-1,-0.09,-0.92,0.46,0.33,1.42,2,3.09,1,0
615,-0.54,3,-0.49,-0.74,0.62,0.35,0.94,1,0.16,-1,0
616,-0.55,-3,1.22,-1.54,0.42,-0.24,0.78,5,2.01,0,1
617,-0.56,-3,1.24,-1.9,0.38,-0.46,0.9,4,-0.76,-1,1
618,-0.2,-1,-0.53,-1.48,0.19,0.47,1.22,1,5.48,1,1
619,-0.5,5,-1.09,-0.32,0.09,-0.93,1.28,5,-1.37,-1,0
620,-0.96,-1,-0.01,-1.66,0.08,-0.72,1.22,2,0.31,-1,1
621,-0.99,-3,-0.71,-1.44,0.62,0.06,1,4,-0.65,-2,1
622,-0.34,3,0.43,-0.76,0.62,-0.37,0.4,1,-1.56,0,0
623,-0.77,5,-0.25,-0.64,0.72,-0.07,1.7,2,2.29,-2,0
624,-0.47,-1,1.13,-0.06,0.31,0.59,0.7,4,2.66,-2,0
625,-0.76,5,-0.08,-1.82,0.83,0.98,1.4,5,-0.06,-1,1
626,-0.22,5,-0.31,-0.18,0.69,-0.12,1.82,1,-1.98,0,0
627,-0.44,3,-0.82,-1.72,0.07,0.28,0.38,3,0.12,1,1
628,-0.86,5,-0.47,-1.62,0.79,-0.03,0.08,4,2.29,-1,1
629,-0.3,1,-1.95,-1.52,0.83,-0.46,1.62,3,-0.77,1,0
630,-0.87,3,0.7,-0.34,0.79,0.97,0.9,1,3.08,-2,0
631,-0.46,3,0.35,-1.92,0.78,-0.91,0.6,5,0.43,0,1
632,-0.01,-3,0.38,-0.4,0.83,0.18,0.9,1,2.51,-1,0
633,-0.76,-3,-0.98,-0.36,0.3,0.08,0.24,2,1.2,-1,0
634,-0.38,1,-1.96,-0.54,0.34,-0.3,1.16,2,2.6,1,0
635,-0.6,-1,0.29,-1.44,0.43,-0.07,0.76,3,2.77,-1,1
636,-0.52,1,-0.43,-0.88,0.16,-0.04,1.3,4,-0.19,1,1
637,-0.43,3,-1.08,-0.24,0.71,-0.67,1.52,4,1.45,-1,0
638,-0.43,1,-1.27,-0.5,0.74,-0.81,0.54,1,0.8,0,0
639,-0.49,-1,-0.63,-0.72,0.63,0.88,0.28,4,0.39,1,0
640,-0.74,-1,-0.93,-1.76,0.22,-0.47,1.2,4,-0.55,-2,1
641,-0.52,3,0.45,-0.64,0.35,-0.13,1.1,3,4.26,-2,0
642,-0.56,-1,-1.09,-0.06,0.57,-1,1.46,2,-0.42,0,0
643,-0.1,-1,-1.44,-0.26,0.31,-0.67,0.32,5,-1.38,-2,0
644,-0.32,5,-0.9,-1.9,0.26,-0.25,0.24,2,4.6,-2,1
645,-0.56,5,-0.18,-1.66,0.41,0.84,0.4,3,0.58,1,1
646,-0.53,3,0.02,-1.94,0.81,-0.41,1.84,1,-0.35,0,1
647,-0.05,-3,-0.18,-1.8,0.33,0.07,1.1,1,5.31,-2,1
648,-0.82,-1,-1.32,-1.24,0.22,-0.18,1.82,5,1.33,-2,0
649,-0.7,5,-0.12,-1.78,0.91,-0.21,0.16,5,2.79,0,1
650,-0.69,1,-0.15,-1.74,0.47,0.77,1.44,4,-0.91,-2,1
651,-0.21,-1,0.31,-0.46,0.96,-0.17,0.44,5,-1.63,-1,0
652,-0.11,-1,1.04,-0.14,0.24,-0.73,0.74,3,-2.68,-1,0
653,-0.34,3,0.46,-1.76,0.93,-0.75,1.02,2,4.29,-2,1
654,-0.72,-1,-1.01,-0.66,0.66,0.86,1.54,1,3.15,1,0
655,-0.8,-3,-0.73,-0.86,0.21,0.95,0.74,4,1.33,1,0
656,-0.4,5,2.2,-0.74,0.13,0.84,1.16,2,1.18,-1,0
657,-0.44,-1,0.09,-0.14,0.95,0.29,0.34,2,0.18,-2,0
658,-0.46,-3,-1.57,-0.88,0.05,0.95,1.84,3,0.6,0,0
659,-0.66,1,0.11,-1.06,0.1,0.12,0.58,2,1.87,1,1
660,-0.39,5,-0.18,-1.32,0.22,0.09,0.02,2,2.58,-2,1
661,-0.97,5,0.33,-0.98,0.29,0.99,1.46,2,-0.25,1,0
662,-0.33,3,0.18,-0.2,0.32,-0.34,0.72,2,3.19,-2,0
663,-0.87,-1,-0.38,-0.66,0.6,-0.81,1.34,1,3.8,1,1
664,-0.17,5,1.15,-1.28,0.19,-0.32,0.24,2,-0.82,-2,1
665,-0.42,-3,1.87,-1.82,0.06,-0.32,1.42,3,2.7,0,1
666,-0.94,3,1.45,-1.4,0.41,-0.66,1.5,4,0.15,-1,1
667,-0.11,5,-1.4,-1.02,0.04,0.83,0.32,2,1.05,1,1
668,-0.35,5,-1.28,-1.32,0.66,0.7,1.18,4,0.48,1,1
669,-0.67,5,0.53,-1.32,0.82,-0.22,1.3,4,2.9,-1,1
670,-0.51,-3,0.58,-0.42,0.63,0.92,1.64,5,2.14,0,0
671,-0.14,-1,-1.34,-0.52,0.02,0.54,1.82,2,-0.36,1,0
672,-0.11,-3,2.16,-1.16,0.05,-0.4,1.22,4,3.83,-2,1
673,-0.19,-3,-0.24,-0.52,0.56,-0.47,0.1,2,0.02,1,0
674,-0.21,-1,0.33,-0.06,0.88,-0.82,1.68,5,-1.25,-2,0
675,-0.86,5,0.24,-1.58,0.86,-0.64,0.68,1,0.69,0,1
676,-0.94,1,-0.07,-1.14,0.4,0.39,1.48,1,0.95,-2,0
677,-0.38,5,-1.26,-1.38,0.15,0.58,0.74,5,-1.04,0,1
678,-0.9,1,0.56,-1.08,0.21,-0.25,1.74,5,-0.83,0,0
679,-0.49,1,-0.94,-1.82,0.36,-0.19,1.3,5,3.9,-2,1
680,-0.61,-3,-1.7,-1.64,0.81,-0.78,1.64,2,-0.91,-2,0
681,-0.14,-3,1.92,-1.58,0.22,-0.83,0.12,2,1.34,1,1
682,-0.73,-3,-1.57,-0.56,0.71,0.64,1.78,4,-0.1,-2,0
683,-0.53,-1,1.22,-1.4,0.42,-0.54,0.28,5,0.11,0,1
684,-0.05,-1,0.1,-1.7,0.81,0.79,1.24,4,0.41,-2,1
685,-0.87,3,-1.78,-1.5,0.14,0.65,0.38,1,-1.1,0,1
686,-0.38,1,0.19,-0.2,0.73,0.54,0.58,3,-0.36,-1,0
687,-0.54,-3,-1.72,-0.14,0.39,-0.03,1,5,3.66,-1,0
688,-0.97,3,-1.99,-1.48,0.34,-0.05,0.4,5,2.14,-2,1
689,-0.22,-3,-0.04,-1.18,0.7,-0.93,1.6,3,-2.12,0,0
690,-0.72,3,-0.62,-1.2,0.47,-0.91,0.76,1,-0.43,-1,1
691,-0.41,1,1.08,-1.6,0.29,-0.19,0.58,2,-1.47,-1,1
692,-0.64,1,4.24,-1.56,0.06,-0.38,1.9,3,-0.44,0,0
693,-0.08,5,-0.3,-0.36,0.37,-0.19,0.18,5,3.94,1,0
694,-0.57,5,0.16,-0.56,0.64,-0.74,0.46,1,1.12,-1,0
695,-0.19,3,-0.28,-0.92,0.44,-0.89,1.42,5,0.56,-2,0
696,-0.49,5,1.37,-0.86,0.64,0.48,0.7,1,6.53,-1,0
697,-0.56,-3,-1.13,-0.2,0.93,0.84,1.64,3,-2.52,-2,0
698,-0.54,3,0.03,-0.26,0.42,-1,1.6,3,0.41,-1,0
699,-0.26,-1,0.53,-0.32,0.74,0.44,1.1,3,0.84,-2,0
700,-0.3,-1,-0.75,-1.42,0.23,1,0.88,5,1.98,-2,1
701,-0.16,1,-1.2,-0.8,0.74,-0.84,0.68,2,2.62,-1,0
702,-0.14,-1,2.3,-1.24,0.71,0.69,1.78,4,1.01,-1,0
703,-0.31,1,0.29,-0.52,0.97,0.73,0.16,4,2.58,1,0
704,-0.01,-3,0.51,-0.7,0.8,0.66,1.58,4,1.55,1,0
705,-0.5,5,0.98,-1.08,0.8,0.21,1.92,3,-2.31,0,0
706,-1,-1,-0.41,-1.6,0.54,-0.56,0.12,4,2.49,0,1
707,-0.85,-3,-0.57,-0.02,0.42,0.25,1.02,4,1.24,0,0
708,-0.93,1,0.08,-0.2,0.44,-0.02,0.64,1,1.84,1,0
709,-0.69,5,-0.54,-1.52,0.93,0.09,0.78,4,0.41,-1,1
710,-0.12,-1,0.43,-0.08,0.89,0.22,1.5,4,4.24,-1,0
711,-0.9,5,-1.71,-1.36,0.67,0.11,1.66,2,-0.03,0,0
712,-0.1,1,0.25,-1.54,0,-0.1,1.74,1,-1.52,1,0
713,-0.81,3,-0.64,-1.36,0.53,-0.7,0,1,-1.94,-2,1
714,-0.64,3,-0.74,-0.94,0.78,-0.54,0.16,5,3.81,-2,0
715,-0.48,-3,0.35,-0.3,0.65,-0.65,1.18,5,2.37,0,0
716,-0.22,1,0.64,-0.32,0.71,-0.41,1.72,3,-0.03,-2,0
717,-0.82,-3,0.66,-1.06,0.22,0.84,0.88,1,0.67,-1,1
718,-0.26,3,1.86,-0.4,0.84,0.23,0.34,1,-0.24,-2,0
719,-0.05,3,1.55,-1.56,0.07,-0.54,0.98,2,-2.28,1,1
720,-0.59,3,0.8,-1.44,0.61,-0.33,0.5,1,-1.96,-2,1
721,-0.33,-1,2.04,-0.44,0.7,0.06,0.84,3,2.71,1,0
722,-0.06,5,-1.16,-0.44,0,-0.3,0.98,4,2.19,0,0
723,-0.25,5,1.97,-1.1,0.96,-0.29,0.86,1,1.29,-1,1
724,-0.49,1,0.26,-1.4,0.66,-0.45,1.24,2,-1.06,1,1
725,-1,-3,-0.85,-1.48,0.65,-0.59,1.72,1,2.43,1,0
726,-0.09,1,1.34,-1.68,0.11,-0.13,1.46,2,3.16,0,1
727,-0.27,-1,0.77,-0.94,0.61,-0.75,1.3,3,1.85,0,1
728,-0.25,-1,-2.01,-1.16,0.24,0.41,1.7,2,-2.39,0,0
729,-0.77,3,0.2,-1.64,0.94,0.96,1.8,5,0.6,0,0
730,-0.82,3,-0.74,-0.06,0.84,-0.2,0.6,2,1.13,1,0
731,-0.37,1,-0.49,-0.82,0.72,0.03,1.52,2,-0.25,0,0
732,-0.9,-1,0.35,-0.24,0.6,0.54,0.52,2,1.35,1,0
733,-0.16,3,-0.01,-1,0.42,-0.98,0.54,4,1.52,1,1
734,-0.4,-1,-2.25,-1.1,0.72,-0.87,1.14,2,-0.79,-1,1
735,-0.52,3,0.48,-0.7,0.84,0.93,0.46,5,0.56,-2,0
736,-0.67,3,-0.45,-1.94,0.48,0,0.16,4,-1.98,-2,1
737,-0.09,1,-0.16,-1.08,0.53,0.4,1.16,5,-3.1,0,1
738,-0.01,1,1.17,-0.26,0.31,-0.39,1.72,1,0.2,0,0
739,-0.84,-3,0.8,-0.8,0.59,-0.26,1.78,5,2.13,0,0
740,-0.76,-3,1.3,-0.9,0.88,0.01,0.98,3,3.3,0,1
741,-0.24,-1,-0.28,-0.86,0.38,0.59,1.44,5,6.54,-1,0
742,-0.97,3,1.35,-1.28,0.41,-0.97,0.74,4,2.06,-2,1
743,-0.79,1,1.42,-0.2,0.49,0.07,0.54,4,2.83,1,0
744,-0.21,1,1.49,-0.22,0.09,0.85,0.3,3,2.84,0,0
745,-0.98,3,-1.82,-0.06,0.61,0.56,1.76,2,1.85,-1,0
746,-0.71,-3,-0.17,-1.42,0.96,0.36,1.16,5,4.06,1,1
747,-0.57,5,1.39,-0.62,0.19,-0.03,1.56,4,0.27,0,0
748,-0.63,-3,-0.58,-0.08,0.74,-0.48,0.96,3,2.07,-1,0
749,-0.59,-1,1.23,-0.98,0.09,0.66,0.86,1,1.12,-2,1
750,-0.32,-1,-0.47,-0.52,0.77,0.16,1.68,1,-1.34,-1,0
751,-0.52,-1,1.82,-1.82,0.03,0.36,0.18,5,-0.69,1,1
752,-0.91,-3,0.98,-0.96,0.09,0.21,0.62,3,2.88,-1,0
753,-0.57,3,1.71,-0.8,0.41,-0.96,1.7,1,0.28,0,0
754,-0.02,-3,0.64,-0.84,0.92,-0.06,0.46,2,1.32,0,0
755,-0.31,-3,-0.5,-1.72,0.63,0.23,1.88,1,3.08,1,0
756,-0.98,-1,-0.07,-0.2,0.01,-0.96,1.66,2,-1.79,-1,0
757,-0.69,3,-1.03,-0.44,0.24,-0.66,0.88,4,1.84,1,0
758,-0.32,-1,-1.01,-0.22,0.5,0.31,0.96,1,-2.99,0,0
759,-0.96,-1,0.2,-0.14,0.84,0.75,1.22,3,-2.99,1,0
760,-0.39,3,-0.61,-1.48,0.15,0.78,0.08,3,2.32,1,1
761,-0.89,-1,0.87,-0.92,0.09,0.86,1.02,3,-3.64,0,1
762,-0.06,-1,-0.11,-0.12,1,0.64,0.36,5,0.48,1,0
763,-0.45,-1,0.22,-0.66,0.32,0.33,0.58,3,3.17,-1,0
764,-0.2,3,-0.23,-0.44,0.2,-0.64,1.22,2,-1.39,1,0
765,-0.86,5,0.48,-1.7,0.93,-0.7,0.24,2,1.23,1,1
766,-0.51,-3,0.04,-1.14,0.38,0.26,1.28,1,-1.15,-2,1
767,-0.15,1,0.91,-1.42,0.41,-0.09,1.52,2,-1.05,-2,1
768,-0.66,-3,0.66,-0.08,0.99,0.95,1.46,4,1.77,0,0
769,-0.4,3,0.03,-1.8,0.63,0.58,1.82,1,1.28,1,0
770,-0.2,5,-1.11,-0.24,0.83,0.08,1.44,2,4.77,1,0
771,-0.62,1,-0.71,-1.28,0.69,0.69,0.42,5,-0.31,1,1
772,-0.08,1,1.13,-0.7,0.33,0.04,0.24,3,-0.18,-1,0
773,-0.77,1,0.77,-1.84,0.55,0.12,1.18,1,3.74,1,1
774,-1,-1,1.33,-1.6,0.13,-0.55,1.32,1,1.63,0,1
775,-0.31,1,1.37,-0.6,0.25,0.09,0.3,1,-1.95,-1,0
776,-0.08,1,0.38,-1.88,0.48,-0.13,0.5,2,-0.97,1,1
777,-0.06,1,-0.39,-0.62,0.46,-0.09,1.94,5,-0.27,-1,0
778,-0.77,-3,-0.33,-1.7,0.92,-0.61,0.16,2,1.09,0,1
779,-0.33,1,-0.92,-0.58,0.55,-0.93,0.24,4,-0.86,1,0
780,-0.97,-1,1.95,-1.4,0.95,-0.45,0.76,5,4.32,1,1
781,-0.52,-3,-0.95,-1.98,0.88,-0.2,1.22,4,1.9,0,1
782,-0.13,3,0.07,-1.74,0.55,0.21,1.2,5,-1.96,0,1
783,-0.36,3,-0.22,-1.2,0.05,-0.32,1.88,4,5.52,-2,0
784,-0.12,-1,-0.89,-0.38,0.58,0.02,1.4,1,0.42,0,0
785,-0.79,-1,-0.19,-1.18,0.81,0.68,1.86,1,-1.52,1,0
786,-0.71,1,-0.99,-0.3,0.22,-0.62,0.82,2,3.15,-1,0
787,-0.46,-3,-1.79,-0.36,0.53,-0.32,0.64,3,-3.87,-2,0
788,-0.53,-1,-0.89,-0.44,0.88,-0.85,1.2,1,1,-1,0
789,-0.18,-1,0.03,-0.44,0.55,-0.27,1.06,2,3.73,-2,0
790,-0.73,3,-1.58,-0.5,0.41,-0.59,1.92,4,1.61,1,0
791,-0.69,5,-0.52,-0.06,0.27,0.46,1.9,4,1.55,-2,0
792,-0.94,-1,1.14,-1.9,0.59,0.59,1.12,5,1.42,0,1
793,-0.75,-3,1.15,-0.84,0.22,0.31,0.76,3,-0.14,1,0
794,-0.52,5,-0.04,-1.2,0.38,0.06,0.5,5,-1.15,-2,1
795,-0.11,1,-2.35,-1.82,0.4,0.81,0.44,5,-0.22,-2,1
796,-0.48,1,1.37,-0.62,0.47,0.52,0.24,2,-2.43,-1,0
797,-0.81,-1,-0.15,-0.42,0.19,-0.99,0.36,4,2.28,0,0
798,-0.74,-1,-0.63,-0.9,0.58,-0.34,0.76,5,2.31,-1,0
799,-0.54,3,-0.58,-1.7,0.24,0.48,1.16,2,2.97,1,1
800,-0.63,1,-2,-1.36,0.97,-0.13,1.06,1,-0.67,0,1
801,-0.79,-1,2.11,-1.76,0.47,-0.54,1.5,3,-0.41,1,1
802,-0.53,-3,2.05,-1.2,0.69,-0.89,0.66,5,2.85,0,1
803,-0.47,1,0.01,-0.34,0.08,0.3,0.1,3,-1.67,-2,0
804,-0.71,3,0.89,-0.76,0.92,-0.05,1.94,4,1.58,0,0
805,-0.89,3,0.38,-1.68,0.19,-0.79,1.02,4,0.71,1,1
806,-0.17,-1,0.77,-1.04,0.14,0.16,0.76,1,4.07,0,1
807,-0.06,-3,0.08,-1.24,0.69,-0.83,1.5,1,0.61,-1,0
808,-0.53,3,-0.56,-0.58,0.22,0.87,0.24,5,-0.76,-1,0
809,-0.71,1,0.2,-0.52,0.69,0.96,1.66,5,-2.06,-1,0
810,-0.22,3,-0.49,-0.94,0.29,0.84,0.12,3,1.39,1,0
811,-0.7,-1,-0.71,-1.04,0.23,-0.07,1.48,2,4.83,0,0
812,-0.47,-3,-1.14,-0.08,0.18,0.18,1.32,2,1.59,0,0
813,-0.79,-3,1.02,-0.82,0.47,-0.45,1.88,2,1.33,0,0
814,-0.49,-3,0.01,-1.1,0.67,-0.42,1.06,5,-0.69,-2,1
815,-0.48,3,0.4,-1.08,0.47,0.08,0.36,5,0.21,-1,1
816,-0.55,-3,-1.07,-0.68,0.09,-0.88,1.1,4,1.32,-1,0
817,-0.99,-3,0.36,-1.02,0.02,-0.74,1.84,4,0.08,-1,0
818,-0.97,1,0.61,-0.44,0.33,0.57,1.84,3,-0.18,-2,0
819,-0.22,-1,-0.67,-1.08,0.38,0.83,0.34,1,5.25,1,1
820,-0.35,1,-0.09,-0.66,0.4,0.34,0.06,4,-0.58,-1,0
821,-0.53,1,2.5,-1.94,0,0.07,0.5,5,-0.78,1,1
822,-0.88,-1,-0.23,-0.7,0.11,-0.81,0.68,1,1.09,0,0
823,-0.12,3,0.73,-1.7,0.51,0.25,0.16,5,1.62,1,1
824,-0.47,3,-0.51,-1.94,0.17,-0.32,0.42,2,2.74,0,1
825,-0.57,3,0.24,-1.98,0.69,-0.65,0.4,2,0.96,-1,1
826,-0.53,1,1.03,-0.08,0.65,-0.39,0.32,3,1.9,-2,0
827,-0.75,1,-2.83,-0.22,0.93,-0.98,0.94,3,0.72,-1,0
828,-0.13,-1,0.25,-1.7,0.41,0.12,1.38,5,2.31,-1,1
829,-0.13,-3,-0.58,-1.02,0.02,0.7,0.44,2,4.36,-1,1
830,-0.28,5,-1.3,-0.36,0.25,-0.53,1.26,4,1.12,-1,0
831,-0.77,3,0.54,-0.58,0.46,-0.8,0.04,5,2.58,1,0
832,-0.85,3,0.15,-1.72,0.08,0.82,0.32,5,1.12,1,1
833,-0.98,-3,-1.57,-1.94,0.27,0.08,1.14,2,-2.44,-2,1
834,-0.3,5,-0.26,-1.86,0.43,-0.29,1.52,2,2,1,1
835,-0.57,5,-0.15,-1.3,0.58,-0.04,1.04,2,3.52,0,1
836,-0.01,-1,0.8,-1.88,0.66,-0.42,0.48,2,2.73,0,1
837,-0.3,3,-1.06,-0.68,0.23,0.17,1.98,3,2.76,-2,0
838,-0.37,1,-0.5,-1.24,0.72,0.56,0,1,0.57,0,1
839,-0.48,5,1.48,-1.8,0.91,0.76,0.52,1,4.51,-1,1
840,-0.52,1,-1.33,-0.44,0.52,0.04,0.88,3,0.41,1,0
841,-0.85,5,-0.9,-1.42,0.86,0.02,1.92,3,-0.09,-2,0
842,-0.96,3,-1.25,-0.62,0.89,0.2,0.14,1,-0.74,-1,0
843,-0.44,1,0.03,-0.2,0.17,-0.07,0.14,1,-0.96,1,0
844,-0.21,-3,0.66,-0.26,0.49,0.65,1.48,5,1.19,-1,0
845,-0.52,5,0.78,-0.24,0.58,0.88,0.72,4,-3.29,1,0
846,-0.2,3,0.53,-1.54,0.13,-0.81,0.48,1,-0.74,0,1
847,-0.01,3,0.25,-0.82,0.69,-0.14,0.14,3,0.9,0,0
848,-0.98,3,0.6,-1.9,0.79,-0.31,0.72,1,-0.99,-2,1
849,-0.23,-3,0.34,-0.32,0.26,-0.45,0.28,3,-1.48,0,0
850,-0.96,-1,1.04,-0.12,0.04,-0.08,1.6,1,0.1,-2,0
851,-0.18,5,-1.61,-1.7,0.4,-0.1,1.38,4,1.28,1,1
852,-0.42,5,-1.66,-1.06,0.37,-0.51,0.62,3,6.42,1,1
853,-0.61,-3,1.58,-1.2,0.63,0.21,1.8,5,4.31,1,0
854,-0.55,-3,0.76,-1.42,0.75,-0.56,0.04,2,2.82,1,1
855,-0.32,1,1.46,-0.3,0.23,0.21,0.36,1,2.13,-1,0
856,-0.3,5,1.5,-0.28,0.22,-0.65,1.66,1,2.17,-1,0
857,-0.89,5,0.61,-0.2,0.55,0.54,0.22,3,-2.02,-2,0
858,-0.77,-1,-1.11,-0.96,0.11,0.9,0.92,2,1.42,0,1
859,0,1,0.54,-1.12,0.63,0.66,0.8,2,-1.23,0,1
860,-0.89,-1,-0.16,-0.2,0.96,-0.31,0.32,2,0.78,-1,0
861,-0.25,1,-1.33,-1.94,0.06,0.33,1.02,3,1.23,1,1
862,-0.42,-1,-2,-1.08,0.66,0.24,1.4,2,-1.72,1,1
863,-0.75,-1,0.33,-0.08,0.18,-0.93,0.78,4,0.44,1,0
864,-0.32,1,1.06,-0.02,0.04,0.05,0.42,2,-0.88,1,0
865,-0.54,1,0.26,-1.34,0.28,0.01,0.38,2,-0.17,-1,1
866,-0.59,1,0.55,-1,0.17,-0.81,0,2,-1.33,0,0
867,-0.73,5,-1.05,-0.54,0.93,0.61,1.24,4,-0.01,0,0
868,-0.74,-1,0.03,-1.4,0.38,-0.33,1.72,1,-0.25,-1,0
869,-0.53,-3,2.02,-1.18,0.11,0.18,0.08,5,-1.17,-2,1
870,-0.97,-3,-0.72,-1.44,0.54,-0.81,0.18,4,-1.68,-2,1
871,-0.12,-3,-0.2,-0.66,0.21,0.83,0.62,4,0.14,0,0
872,-0.13,5,0.38,-1.52,0.71,0.36,0.34,5,-0.56,-2,1
873,-0.72,5,-0.28,-1.88,0.25,0.13,1.36,5,0.51,1,1
874,-0.42,-3,-1.53,-1.98,0.73,-0.86,1.16,3,-0.1,-1,1
875,-0.75,5,-0.39,-1.32,0.7,-0.06,0.44,4,1.65,1,1
876,-0.56,-3,1.75,-1.48,0.28,-0.36,0.68,1,-1.38,-2,1
877,0,1,-1.18,-0.94,0.26,0.99,0.96,3,2.32,0,1
878,-0.76,-1,-0.12,-1.18,0.68,0.51,0.78,4,-1.65,-1,1
879,-0.11,3,0.11,-1.06,0.27,0.09,1.6,5,3.12,0,0
880,-0.05,1,-0.88,-1.26,0.79,0.9,0.32,4,0.01,-1,1
881,-0.76,-3,0.09,-0.4,0.88,-0.25,1.1,4,-0.12,1,0
882,-0.31,-1,2.05,-0.46,0.57,-0.77,0.02,5,-2.06,-1,0
883,-0.42,-3,0.67,-1.78,0.5,-0.82,0.76,2,2,0,1
884,-0.91,5,-0.81,-0.48,0.16,-0.95,0.94,4,1.42,0,0
885,-0.73,3,0.58,-1.18,0,-0.1,0.48,1,-1.84,0,1
886,-0.55,-1,0.19,-1.88,0.53,0.91,1.12,5,1.66,-1,1
887,-0.46,1,0.03,-1.58,0.36,0.08,1.16,5,1.22,0,1
888,-0.89,1,-1.69,-0.6,0.89,0.58,0.36,4,-3.19,-1,0
889,-0.1,-3,-0.49,-1.5,0.85,0.57,1.76,1,-0.61,-2,0
890,-0.58,1,1.53,-0.7,0.41,0.18,1.94,2,-0.4,1,0
891,-0.4,-1,-0.34,-0.02,1,-0.37,0.38,5,0.4,-1,0
892,-0.47,5,-0.99,-0.7,0.54,-0.55,1.4,3,3.18,1,0
893,-0.74,3,1.68,-1.2,0.98,-0.19,0.66,4,-0.49,-2,1
894,-0.56,-1,0.07,-1.76,0.71,0.65,0.7,1,2.82,1,1
895,-0.08,1,-1.73,-0.96,0.25,-0.81,1.1,5,0.29,1,1
896,-0.27,-1,0.8,-0.74,0.53,0.69,1.18,2,0.49,-2,0
897,-0.83,-1,0,-1.58,0.28,0.64,1.08,3,0.55,-2,1
898,-0.83,1,-0.13,-0.12,0.87,-0.5,0.54,1,-0.83,0,0
899,-0.38,-1,0.37,-0.78,0.22,0.11,0.58,5,0.46,0,0
900,-0.1,5,1.67,-1.76,0.3,0.75,0.44,2,0.32,-1,1
901,-0.19,5,-2.05,-0.84,0.81,0.11,0.72,5,4.13,-1,0
902,-0.25,-1,0.12,-0.86,0.1,0.55,1.84,2,3.36,-1,0
903,-0.69,-3,1.07,-0.44,0.92,-0.86,1.18,2,2.01,-1,0
904,-0.88,1,-1.44,-0.54,0.26,0.08,1.62,2,3.55,-1,0
905,-0.88,1,-0.56,-1.84,0.45,-0.71,1,5,1.47,0,1
906,-0.71,-3,2.04,-0.16,0.65,0.89,1.06,5,1.97,1,0
907,-0.66,5,0.36,-0.2,0.28,0.95,1.16,5,1.05,-1,0
908,-0.03,1,-0.28,-1.2,0.32,0.56,1.92,4,1.23,-2,0
909,-0.37,5,0.25,-1.36,0.4,0.3,0.8,2,2.9,1,1
910,-0.54,3,-0.65,-0.9,0.02,-0.38,0.94,2,1,-2,0
911,-0.11,5,-0.94,-0.42,0.53,0.13,0.82,1,0.74,1,0
912,-0.9,-3,-0.42,-0.38,0.49,-0.74,0.72,4,-2.3,1,0
913,-0.39,3,-0.64,-0.7,0.97,0.61,0.06,4,1.64,0,0
914,-0.97,1,0.2,-1.6,0.85,-0.47,1.26,3,2.1,-2,1
915,-0.64,5,-0.01,-1.52,0.94,0.76,0.5,3,2.17,0,1
916,-0.15,5,0.25,-1.86,0.97,-0.6,1.76,3,2.5,0,1
917,-0.56,-3,0.67,-1.94,0.57,0.04,0.42,2,1.87,1,1
918,-0.87,5,0.46,-1.08,0.39,0.52,1.76,1,-1.04,0,0
919,-0.38,3,-0.59,-1.68,0.12,-0.53,1.06,1,4.67,1,1
920,-0.05,-1,-0.61,-0.16,0.3,-0.09,0.94,4,0.9,1,0
921,-0.42,1,1.15,-0.52,0.24,-0.16,0.5,5,1,0,0
922,0,3,-0.89,-0.24,0.39,0.08,0.16,3,-0.65,1,0
923,-0.72,1,0.65,-0.98,0.53,0.5,0.24,2,0.91,0,1
924,-0.8,1,-0.61,-1.18,0.33,-0.5,0.7,1,-1.83,0,1
925,-0.3,-3,-0.02,-1.4,0.73,0.33,0.14,3,2.33,0,1
926,-0.91,-1,1.39,-1.72,0.1,-0.06,0.16,5,-2.22,1,1
927,-0.62,-3,0.94,-0.18,0.73,-0.16,1.68,4,2.1,-2,0
928,-0.99,3,-1.34,-1.24,0.8,-0.38,0.72,5,2.88,-1,1
929,-0.33,-1,1.13,-0.1,0.22,0.9,0.6,5,2.57,-1,0
930,-0.73,3,0.14,-0.1,0.76,-0.83,0.4,2,-0.3,1,0
931,-0.04,-3,-0.3,-1.88,0.1,-0.19,1.06,3,1.89,0,1
932,-0.4,-3,-0.69,-1.26,0.09,-0.63,0.44,4,2.84,-1,1
933,-0.13,-1,2.19,-1.58,0.1,0.3,0.7,5,-1.07,-2,1
934,-0.66,5,0.37,-1.5,0.37,0.86,1.46,3,-1.03,-2,1
935,-0.27,1,0.83,-0.02,0.66,-0.9,1.86,1,-0.22,0,0
936,-0.79,-3,1.33,-1.9,0.61,-0.56,1.04,5,-0.21,-2,1
937,-0.8,-1,0.11,-0.74,0.13,-0.28,1.26,2,3.01,0,0
938,-0.18,-1,-0.8,-1.82,0.04,-0.49,0.22,3,-0.74,-1,1
939,-0.42,-3,-1.6,-2,0.9,0.01,1.04,2,1.03,0,1
940,-0.77,3,-0.65,-0.44,0.47,0.16,0.84,4,2.77,0,0
941,-0.82,-1,-0.3,-0.38,0.46,0.54,0.86,3,1.44,-2,0
942,-0.78,5,1.01,-1.04,0.29,0.07,0.3,2,3.52,-2,1
943,-0.72,-1,0.76,-1.26,0.03,-0.87,1.04,3,2.99,0,1
944,-0.91,-1,0.2,-0.98,0.08,0.16,1.36,2,-1.55,-2,1
945,-0.71,1,1.95,-0.14,0.4,-0.37,1.4,1,2.09,-2,0
946,-0.83,-1,0.8,-0.42,0.29,0.15,1.38,3,1.8,-1,0
947,-0.83,3,0.49,-1.2,0.15,0.42,1.52,5,-2.01,-1,0
948,-0.2,5,-0.75,-1.22,0.87,-0.51,1.34,4,1.71,0,1
949,-0.79,-1,-0.08,-0.14,0.36,0.97,0.12,1,3.88,-2,0
950,-0.67,-1,0.57,-1.12,0.4,0.41,1.6,4,1.16,-2,0
951,-0.78,-3,0.77,-1,0.89,-0.88,0.3,4,0.22,1,1
952,-0.05,-1,0.3,-0.7,0.55,-0.21,1.7,4,-0.74,-2,0
953,-0.68,1,-0.86,-1.88,0.57,0.07,1.04,5,3.51,-2,1
954,-0.19,-3,0.01,-1.06,0.93,-0.82,1.86,5,-4.4,-1,0
955,-0.17,5,1.07,-0.6,0.18,-0.62,0.3,4,2.11,-2,0
956,-0.81,3,1.74,-1.5,0.11,0.36,1.14,5,-2.65,-2,1
957,-0.72,1,0.2,-1.7,0.11,-0.25,1.8,5,-1.82,1,0
958,-0.85,-1,-1.89,-1.32,0.11,-0.37,0.02,5,0.58,-1,1
959,-0.78,3,-1.39,-0.32,0.44,-0.47,1.22,4,1.33,1,0
960,-0.78,3,-0.31,-0.52,0.99,0.78,0.72,1,0.45,0,0
961,-0.78,5,1.18,-1.44,0.14,-0.99,0.1,3,0.6,1,1
962,0,-3,-0.3,-0.58,0.3,-0.96,1.64,4,2.09,-1,0
963,-0.92,3,-0.47,-0.36,0.1,0.94,1.68,4,0.16,-2,0
964,-0.95,1,1.72,-1.24,0.08,0.61,1.98,5,2.5,-2,0
965,-0.93,1,-1.02,-0.66,0.82,0.69,1.56,5,0.64,-1,0
966,-0.67,1,-0.44,-0.12,0.33,0.52,1.5,2,2.78,-1,0
967,-0.32,-3,0.77,-1.12,0.37,0.95,1.74,2,5.8,1,0
968,-0.03,-1,-0.09,-1.34,0.14,-0.02,1,2,-1.27,-2,1
969,-0.22,5,-0.79,-1.3,0.59,-0.93,1.42,3,3.81,0,1
970,-0.98,5,-1.67,-0.76,0.82,-0.3,1.7,3,1.29,-2,0
971,-0.5,3,0.5,-0.88,0.84,0.43,1.22,1,0.37,1,1
972,-0.44,1,0.74,-0.84,0.88,-0.07,0.68,3,2.81,-1,0
973,-0.85,3,0.19,-1.36,0.56,0.51,0.7,4,1.37,-1,1
974,-0.37,1,-1.14,-1.22,0.86,-0.58,1.4,1,-1.21,1,1
975,-0.7,3,-0.46,-1.98,0.8,-0.41,0.8,4,0.39,-2,1
976,-0.36,3,2.34,-0.46,0.6,-0.08,1.66,5,1.48,1,0
977,-0.69,5,-1.18,-0.62,0.33,0.45,1.94,5,-0.12,-1,0
978,-0.9,-3,-0.15,-1.42,0.04,0.34,1.08,1,-1.96,1,1
979,-0.5,-1,-1.14,-1.5,0.67,-0.95,0.18,1,1.75,0,1
980,-0.31,5,1.95,-1.52,0.99,-0.14,1.5,1,2.1,-2,1
981,-0.67,3,-1.37,-0.9,0.74,0.92,1.76,5,-0.39,-1,0
982,-0.49,1,0.58,-1.1,0.52,0.68,1.48,3,0.81,1,0
983,-0.28,5,0.28,-0.22,0.47,-0.33,1.54,3,-0.34,-2,0
984,-0.14,1,-0.79,-0.84,0.6,-0.57,1.74,1,1.59,-2,0
985,-1,1,0.27,-1.7,0.68,0.4,1.82,1,-0.44,-2,0
986,-0.95,-3,0.99,-1.16,0.77,0.77,0.86,5,1.97,-1,1
987,-0.77,5,-0.42,-1.28,0.04,0.22,1,1,1.98,1,1
988,-0.29,5,0.62,-0.68,0.08,-0.58,0.9,4,-1.46,-1,0
989,-0.59,5,0.76,-0.72,0.05,0.69,0.26,5,1.16,-2,0
990,-0.69,3,1.39,-0.14,0.82,-0.14,1.86,3,-1.63,0,0
991,-0.66,-1,-0.01,-0.48,0.47,-0.11,1.64,4,5.14,-1,0
992,-0.78,3,-0.62,-1.66,0.24,0.03,1.62,2,4.66,-2,1
993,-0.19,1,-0.91,-0.58,0.47,-0.58,0.72,4,2.29,-1,0
994,-0.91,-3,0.17,-1.8,0.68,-0.78,0.08,3,0.41,-2,1
995,-0.6,1,-0.64,-0.24,0.63,-0.44,0.04,5,-2.21,-1,0
996,-0.74,3,1.16,-1.28,0.01,-0.65,0.58,3,0.29,1,1
997,-0.47,3,0.1,-1.62,0.43,-0.97,1.04,4,2.62,0,1
998,-0.41,-3,0.86,-1.82,0.94,0.88,1.9,1,0.72,1,0
999,-0.17,-3,-1.79,-0.94,0.78,0.32,1.06,1,-0.08,0,1
1000,-0.82,-1,0.07,-0.24,0.52,-0.83,0.88,4,-0.52,1,0
