ID,x1,x2,x3,x4,x5,x6,x7,x8,x9,x10,y
99001,-0.7,3,0.82,-0.72,0.69,0.93,0.12,5,4.65,1
99002,-0.99,-1,-0.81,-0.24,0.26,-0.04,1.72,3,0.94,-1
99003,-0.29,5,-1.02,-1.9,0.02,-0.58,1.66,2,1.18,-2
99004,-0.28,-3,0.84,-1.44,0.01,-0.11,0.18,3,2.92,-1
99005,-0.87,1,-1.16,-1.58,0.84,0.35,1.36,5,0.19,0
99006,-0.94,5,0.47,-0.1,0.99,0.29,0.9,2,-0.8,-1
99007,-0.5,5,3.21,-0.16,0.8,-0.38,0.82,1,2.99,0
99008,-0.67,3,1.13,-0.46,0.18,0.17,1.76,1,-2.09,-2
99009,-0.54,-3,-1.8,-1.3,0.22,-0.34,1.14,4,1.25,0
99010,-0.81,1,-1.95,-1.92,0.04,0.18,1.68,1,0.28,1
99011,-0.02,1,1.45,-1.6,0.61,-0.39,0.9,4,5.14,-2
99012,-0.39,-3,0.14,-0.7,0.23,-0.71,1.02,5,-1.12,1
99013,-0.76,5,0.82,-1.5,0.88,-0.37,0.82,3,4.76,-1
99014,-0.64,3,-0.82,-0.92,0.51,-0.61,0.22,5,-1.31,-2
99015,-0.81,5,-0.77,-1.44,0.56,0.52,0.26,4,0.78,-2
99016,-0.55,-1,0,-1.9,0.42,0.28,0.18,5,1.19,0
99017,-0.51,1,0.6,-1.54,0.59,0.4,1.24,4,1.01,-2
99018,-0.13,-1,0.44,-1.54,0.38,-0.17,0.16,3,2.26,1
99019,-0.33,5,0.19,-0.46,0.11,-0.43,0.34,2,0,1
99020,-0.37,-1,-0.49,-1.88,0.98,0.01,0.76,4,3.05,1
99021,-0.56,5,-1.28,-1.34,0.5,0.96,1.98,1,0.17,-2
99022,-0.27,1,1.32,-1.96,0.22,0.82,1.5,3,1.86,1
99023,-0.28,3,0,-1.88,0.08,-0.7,1.24,4,0.2,-2
99024,-0.18,-1,-0.73,-1.14,0.26,-0.55,1.7,4,3.23,-2
99025,-0.44,-3,1.68,-1.82,0.86,-0.55,1.4,5,0.79,1
99026,-0.13,-1,0.48,-0.84,0.8,0.48,0.38,3,-1.26,-2
99027,-0.16,5,-1.88,-1.4,0.72,-0.84,1.9,3,2.11,-1
99028,-0.97,1,-0.88,-0.96,0.64,0.57,1.78,1,1.07,1
99029,-0.08,1,0.36,-1.38,0.36,-0.51,0.96,5,-1.4,0
99030,-0.37,3,-0.64,-0.18,0.96,0.36,0.06,3,-1.17,-1
99031,-0.97,-3,1.29,-1.6,0.86,-0.2,2,5,-0.9,1
99032,-0.52,1,1.8,-1.08,0.77,-0.67,1.72,3,-1.89,-2
99033,-0.6,3,-0.9,-0.14,0.05,0.75,1.82,5,-0.47,1
99034,-0.95,3,-1.33,-1.16,0.78,0.61,1.38,3,0.53,0
99035,-0.84,-1,1.93,-1.34,0.87,-0.51,0.7,1,-2.66,-1
99036,-0.64,-3,0.97,-0.34,0.29,0.76,0.12,5,0.12,1
99037,-0.44,-3,1.03,-1.2,0.79,-0.97,0.18,4,1.79,-2
99038,0,-3,0.48,-0.16,0.74,0.09,1.52,1,0,-2
99039,-0.38,1,0.57,-0.14,0.62,-0.95,1.78,4,0.61,-1
99040,-0.86,1,-0.55,-1.84,0.86,-0.2,1.94,4,1.17,-1
99041,-0.58,1,1.6,-0.42,0.3,-0.82,0.68,4,-1.49,-2
99042,-0.97,-3,0.52,-1.02,0.44,0.08,0.92,5,0.74,0
99043,-0.94,1,0.13,-0.14,0.8,-0.78,1.1,4,1.78,-1
99044,-0.31,-1,-3.24,-0.92,0.52,0.24,0.3,4,0.09,0
99045,-0.62,-1,-0.87,-1.84,0.74,0.45,1.24,5,3.94,0
99046,-0.03,-3,0.97,-1.1,0.06,0.93,0.36,1,1.17,-2
99047,-0.26,5,0.96,-1.52,0.78,-0.07,0.9,1,2.65,-1
99048,-0.19,5,-1.04,-1.06,0.32,0.04,0.1,3,4.3,0
99049,-0.2,5,1.39,-1.94,0.9,0.46,1.44,4,4.04,-2
99050,-0.93,5,-1.05,-1.44,0.64,-0.87,0.44,4,1.85,0
99051,-0.36,5,-0.96,-0.62,0.85,-0.6,1.62,5,1.21,0
99052,-0.51,-3,-1.63,-0.7,0.27,0.16,0.42,2,-0.59,-2
99053,-0.82,5,0.2,-0.26,0.97,0.59,0.28,2,-2.05,-1
99054,-0.42,5,-0.61,-1.16,0.34,-0.49,1.5,2,2.17,0
99055,-0.61,-1,-0.85,-1.48,0.98,0.37,0.82,4,3.06,-1
99056,-0.29,3,-0.54,-1.14,0.16,0.72,0.1,1,2.9,1
99057,-0.62,-3,-0.52,-1.08,0.27,-0.26,1.14,5,1.01,-2
99058,-0.11,-1,0.31,-0.46,0.1,-0.04,2,2,1.55,-2
99059,-0.03,-1,-0.79,-1.84,0.41,0.72,0.64,5,0.25,-2
99060,-0.81,-3,-0.78,-1.64,0.99,0.84,0.2,3,0.15,-1
99061,-0.95,1,1.05,-1.68,0.02,0.53,1.96,1,0.97,1
99062,-0.57,5,-0.03,-1.76,0.83,0.23,0.28,5,0.66,0
99063,-0.62,-1,1.08,-0.24,0.72,-0.58,0.04,3,3.96,-1
99064,0,-1,-0.49,-0.88,0.78,0.65,0.8,1,2.58,-2
99065,-0.81,3,-0.53,-1.32,0.64,-0.51,1.82,1,1.01,0
99066,-0.39,-3,-0.6,-1.08,0.47,0.07,1.58,4,3.92,1
99067,-0.2,-1,0.68,-0.8,0.43,-0.11,1.76,1,-0.36,0
99068,-0.44,3,1.65,-1.7,0.45,0.5,1.84,4,1.54,0
99069,-0.01,-3,-0.43,-1.24,0.69,-0.26,1.4,3,-0.2,-2
99070,-0.1,5,0.84,0,0.55,-0.59,0.32,3,-0.63,-2
99071,-0.59,-1,0.02,-1.4,0.16,-0.67,1.36,2,1.35,1
99072,-0.19,5,-0.19,-1.68,0.45,-0.76,1.94,3,-1.38,-2
99073,-0.64,1,-1.69,-0.28,0.91,-0.09,1.28,2,4.31,-2
99074,-0.23,1,0.77,-0.16,0.46,-0.7,1.62,5,2.55,-2
99075,-0.81,1,0.33,-0.66,0.36,-0.36,1.42,5,-0.36,1
99076,-0.15,-1,-0.49,-1.42,0.82,0.61,1.46,4,-0.19,0
99077,-0.25,-1,-1.11,-0.78,0.69,-0.15,1.72,3,-1.09,1
99078,-0.64,1,0.45,-1.94,0.39,0.78,1.28,3,3.43,0
99079,-0.37,3,1.19,-1.14,0.8,0.3,1.2,1,4.41,1
99080,-0.66,3,0.38,-0.48,0.13,0.18,1.86,4,-0.97,-2
99081,-0.25,-1,-1.02,-1.34,0.88,0.07,0.16,1,-1.09,0
99082,-0.4,1,-0.61,-1.02,0.9,-0.26,1.5,4,-0.4,-1
99083,-0.55,5,-0.19,-0.06,0.08,0.32,1.82,2,0.45,-1
99084,-0.1,-3,0.19,-0.34,0.68,-0.07,1.86,3,-0.58,0
99085,-0.13,5,-1.15,-0.5,0.07,-0.09,1.94,4,3.49,1
99086,-0.79,-3,0.93,-1.56,0.26,-0.65,1.94,5,3.61,1
99087,-0.24,5,0.77,-0.7,0.82,0.52,1.88,1,-1.36,0
99088,-0.42,-1,2.25,-0.76,0.84,0.47,1.86,4,-1.54,-2
99089,-0.49,1,0.26,-0.24,0.52,0.33,1.8,4,-0.33,-1
99090,-0.14,3,1.15,-0.06,0,-0.85,0.12,3,-1.56,1
99091,-0.46,5,1.07,-0.78,0.88,0.24,1.4,3,2.52,0
99092,-0.66,5,0.56,-1.1,0.51,0.21,0.32,5,5.24,-1
99093,-0.15,-3,0.36,-1.52,0.18,-0.98,0.14,1,0.97,-1
99094,-0.5,-1,-1.97,-0.14,0.59,0.42,1.24,1,1.72,0
99095,-0.92,-3,-0.05,-0.18,0.14,-0.36,1.82,5,-0.62,-2
99096,-0.17,3,-0.84,-1.38,0.15,-0.95,1.42,1,3.83,-1
99097,-0.84,-3,-1.12,-1.5,0.49,0.75,0.02,2,0.23,-1
99098,-0.51,-1,0.09,-0.22,0.23,0.37,0.02,2,0.35,0
99099,-0.16,-1,0.12,-1.22,0.36,-0.85,0.26,4,-0.9,-2
99100,-0.6,5,-0.12,-0.06,0.69,-0.33,0.9,3,-4.31,-2
99101,-0.45,-3,-0.92,-1.06,0.07,0.64,1.5,2,0.96,1
99102,-0.55,5,0.01,-0.06,0.42,0.14,1.82,1,0.55,-2
99103,-0.97,-1,0.69,-0.64,0.71,-0.83,0.96,2,-1.21,-2
99104,-0.03,3,0.74,-1.66,0.75,-0.59,1.7,4,-0.7,-2
99105,-0.76,1,0.08,-1.24,0.81,-0.77,1.94,4,2.45,-1
99106,-0.29,-1,-0.96,-1.86,0.41,0.55,1.16,2,0.68,1
99107,-0.44,-1,-0.72,-1.3,0.9,-0.77,0.76,1,2.03,-2
99108,-0.57,1,0.46,-1.36,0.56,-0.87,0.82,2,4.94,0
99109,-0.04,5,-1.09,-0.66,0.95,-0.23,1.86,1,-2.1,-2
99110,-0.46,1,-1.67,-1.16,0.59,-0.01,0.02,4,2.79,1
99111,-0.02,3,-1.24,-0.22,0.57,0.51,0.16,1,1.76,0
99112,-0.28,3,-0.16,-1,0.73,-0.1,1.64,5,0.03,1
99113,-0.18,-1,1.07,-0.98,0.89,-0.35,0.82,4,0.33,1
99114,-0.68,-1,-0.46,-1.52,0.21,-0.26,2,4,2.16,0
99115,-0.76,3,-0.62,-0.68,0.6,0.09,0.86,1,2.64,1
99116,-0.16,-3,-0.95,-1.68,0.14,-0.38,0.7,1,1.56,0
99117,-0.27,1,0.64,-0.76,0.7,-0.44,1.3,1,2.03,-2
99118,-0.1,5,0.68,-1.06,0.05,-0.53,0.66,3,0.22,-2
99119,-0.45,-3,1.22,-1.82,0.43,0.79,0.98,4,-5.62,-1
99120,-0.56,3,1.11,-0.68,0.88,-0.17,1.46,2,-1.37,-2
99121,-0.42,1,-0.83,-1.68,0.55,0.18,1.08,4,1.42,-1
99122,-0.52,-1,0.23,-0.3,0.37,0.29,1.44,2,-3.09,-1
99123,-0.19,5,-0.51,-1.2,0.14,0.06,0.2,5,-0.35,-1
99124,-0.15,3,0.81,-0.7,0.24,0.43,1.54,5,-2.45,0
99125,-0.6,1,0.14,-0.64,0.31,0.79,1.24,5,2.57,1
99126,-0.42,-1,-0.63,-1.42,0.63,-0.82,0.08,2,-0.84,-2
99127,-0.11,1,-1.56,-0.42,0.88,0.7,0.9,2,0.4,1
99128,-0.41,1,0.38,-0.22,0.01,-0.88,1.78,3,0.91,-2
99129,-0.02,5,0.54,-0.7,0.1,-0.04,1.32,5,-2.14,0
99130,-0.51,5,-0.47,-0.26,0.27,0.26,1.58,3,4.15,-1
99131,-0.19,-3,-0.98,-1.7,0.89,0.74,1.44,2,1.46,0
99132,-0.59,-1,1.57,-1.16,0.57,0.82,1.8,1,3.48,1
99133,-0.88,-3,1.47,-1.8,0.6,0.87,1.7,5,0.46,0
99134,-0.4,5,0.39,-0.12,0.8,-0.02,1.5,3,-1.34,0
99135,-0.67,-1,1.47,0,0.36,0.14,1.96,4,0.61,0
99136,-0.28,5,-0.91,-0.76,0.67,-0.38,1.88,5,4.29,0
99137,-0.06,1,0.53,-0.16,0.95,-0.51,1.44,4,0.16,-2
99138,-0.08,1,-0.04,-0.5,0.88,-0.51,1,4,-1.14,-1
99139,-0.43,-1,-0.01,-0.74,0.79,0.85,0.14,4,3.6,-2
99140,-0.2,-1,0.14,-1.84,0.38,-0.69,1.66,2,0.72,-1
99141,-0.19,-3,-2.47,-0.06,0.83,0.79,1.2,2,3.48,-1
99142,-0.31,1,1.03,-1.48,0.47,-0.89,1.24,4,-0.78,-2
99143,-0.24,1,0.59,-1.52,0.47,-0.99,1.68,1,1.78,1
99144,-0.64,5,0.44,-0.82,1,-0.65,1.36,1,1.72,-1
99145,-0.24,1,0.7,-0.22,0.79,0.82,1.62,4,-2,-2
99146,-0.08,5,0.2,-1.04,0.32,-0.64,0.56,3,1.81,1
99147,-0.55,1,0.53,-1.32,0.1,0.64,1.78,1,1.28,1
99148,-0.45,5,-0.77,-1.2,0.08,-0.92,0.84,4,2.71,0
99149,-0.2,-1,1.05,-1.74,0.97,-0.23,0.14,5,3.92,0
99150,-0.86,5,0.37,-0.18,0.97,-0.76,0.46,5,-2.07,0
99151,-0.2,5,0.35,-1.32,0.16,0.81,1.48,1,-0.84,1
99152,-0.71,-1,-1.52,-1.88,0.74,-0.29,1.5,5,-1.87,-1
99153,-0.75,1,-0.42,-0.68,0.33,-0.73,1.8,1,0.33,-1
99154,-0.62,1,-0.67,-1.3,0.33,-0.58,0.9,3,-0.44,-1
99155,-0.4,-1,1.12,-0.62,0.57,-0.63,0.2,4,-1.13,1
99156,-0.15,-3,0.19,-0.34,0.04,0.56,0.34,3,2.19,1
99157,-0.8,5,-0.13,-1.34,0.74,-0.44,0.5,2,2.61,0
99158,-0.12,-3,-0.68,-1.96,0.04,1,0.52,5,4.68,-1
99159,-0.92,1,1.82,-1.14,0.35,0.68,0.58,2,1.11,-2
99160,-0.07,3,2.22,-1.24,0.16,-0.69,0.76,3,0.85,-2
99161,-0.51,3,1.15,-0.22,0.5,0.42,1.66,5,-0.25,-1
99162,-0.21,-1,-0.02,-1.44,0.16,-0.17,0.06,2,1.19,0
99163,-0.41,3,-0.56,-0.7,0.47,0.18,1,2,-2.23,-1
99164,-0.75,5,-2,-1.64,0.28,-0.93,1.36,2,0.61,-1
99165,-0.88,5,-1.05,-0.3,0.45,0.65,1.62,1,-2.38,0
99166,-0.78,-1,0.24,-0.24,0.77,0.09,0.08,3,1.99,-1
99167,-0.26,1,-0.3,-1.96,0.28,-0.22,0.62,3,3.27,1
99168,-0.82,5,0.29,-0.34,0.01,0.4,0.76,4,1.4,-1
99169,-0.17,-1,-1.63,-1.1,0.47,0.61,0.7,2,0.2,-2
99170,-0.21,1,-1.42,-1.74,0.67,0.59,1.24,3,3.33,-1
99171,-0.89,-3,-0.2,-0.4,0.56,0.2,1.28,1,2.58,-2
99172,-0.85,5,0.29,-1.42,0.34,0.97,0.1,1,2.87,-2
99173,-0.7,-3,-0.64,-0.6,0.07,-0.63,1.48,2,-0.13,-1
99174,-0.36,-3,2.13,-1.1,0.82,-0.42,1.74,4,-1.86,0
99175,-0.27,-3,1.61,-1.66,0.31,0.02,1.26,1,3.21,0
99176,-0.67,-3,1.19,-1.1,0.28,-0.85,0.86,5,3.77,-1
99177,-0.88,5,-1.68,-1.86,0.32,-0.32,0.26,5,2.08,-1
99178,-0.87,-3,-0.68,-1.46,0.67,-0.08,1.5,3,1.03,1
99179,-0.38,1,0.14,-1.88,0.88,-0.08,0.68,2,-0.14,-1
99180,-0.74,-3,2.51,-1.82,0.83,0.43,1.1,3,2.14,-1
99181,-0.1,-3,0.46,-1.1,0.78,-0.02,0.64,5,1.33,1
99182,-0.6,3,-0.28,-1.4,0.12,0.2,0.24,2,2.88,-2
99183,-0.6,1,0.78,-1.14,0.33,-0.83,0.28,5,-0.22,0
99184,-0.01,-1,0.65,-0.4,0.69,0.14,1.54,3,2.09,0
99185,-0.16,-3,-0.93,-0.7,0.58,-0.72,0.2,5,-0.46,-1
99186,-0.1,5,-0.86,-0.02,0.1,0.85,1.32,1,1.86,-1
99187,-0.59,1,-1.72,-0.62,0.35,0.15,0.46,2,-0.79,1
99188,-0.27,5,0.2,-1.4,0.69,0.02,0.88,5,0.32,-2
99189,-0.02,5,1.21,-1.26,0.15,0,0.62,1,4.45,-2
99190,-0.49,3,-1.65,-0.98,0.85,0.28,1.44,4,2.04,-2
99191,-0.51,-3,-0.3,-1.86,0.64,0.61,0.84,3,2.05,-2
99192,-0.63,-3,-0.82,-1.9,0.39,0.94,1.82,3,0.59,-2
99193,-0.72,-1,-1.16,-0.7,0.18,0.35,0.52,5,-0.29,-1
99194,-0.46,-3,0.75,-1.94,0.62,-0.8,1.76,3,0.14,0
99195,-0.99,-3,1.02,-1.38,0.85,0.68,0.92,5,-2.09,0
99196,-0.63,-1,0.66,-1.06,0.06,0.96,1.3,1,0.49,-2
99197,-0.35,-3,-0.91,-0.48,0.15,-0.72,1.18,3,-3.03,1
99198,-0.18,3,0.15,-1.22,0.05,0.74,1.38,1,-0.43,1
99199,-0.98,-1,0.25,-1.24,0.34,0.93,1.74,3,1.12,0
99200,-0.08,1,-0.48,-1.12,0.22,0.44,0.02,4,1.9,1
99201,-0.55,3,0.01,-0.56,0.37,0.89,0.84,2,1.22,1
99202,-0.83,-3,-0.88,-1.44,0.17,0.58,0.5,1,-0.05,-1
99203,-0.41,-1,0.67,-0.44,0.47,0.15,0.14,4,1.24,-2
99204,-0.1,-3,1.59,-1.98,0.2,0.11,1.36,4,-2.92,0
99205,-0.59,5,-0.83,-1.32,0.36,0.07,1.24,2,2.8,-1
99206,-0.43,3,-0.09,-1.16,0.99,-0.45,0.64,2,-2.26,0
99207,-0.28,3,-1.65,-1.24,0.82,0.72,1.84,2,-2.45,0
99208,-0.29,3,0.68,-0.32,0.02,0.1,1.9,1,-1.26,-2
99209,-0.14,1,1.6,-1,0.09,0.92,0.12,2,0.8,0
99210,-0.6,3,-0.2,-0.98,0.1,0.25,0.4,1,2.15,1
99211,-0.62,-3,0,-1.86,0.89,0.21,1.28,4,0.34,1
99212,-0.26,-3,-1.25,-1.56,0.79,-0.65,0.84,5,-1.04,0
99213,-0.33,1,-0.01,-0.42,0.63,0.62,1.84,1,0.84,0
99214,-0.33,-3,-0.38,-1.66,0.18,-0.27,1.4,4,0.7,1
99215,-0.87,3,-1.49,-1.98,0.8,0.98,1.62,3,2.59,1
99216,-0.59,3,1.12,-0.68,0.94,0.34,1.4,4,1.22,0
99217,0,3,0.91,-0.28,0.9,0.79,1.94,2,1.02,-2
99218,-0.76,-1,-0.59,0,0.09,0.94,0.36,2,1.53,1
99219,-0.56,3,1.24,-0.68,0.72,-0.88,1.34,2,3.18,0
99220,-0.64,3,-0.32,-0.06,0.03,0.1,1.08,1,2.96,1
99221,-0.37,-3,-0.07,-0.24,0.16,-0.1,1.92,2,3.47,0
99222,-0.52,3,-0.5,-0.1,0.44,-0.62,1.96,1,1.61,0
99223,-0.6,-1,-0.57,-0.54,0.56,-0.74,0.5,1,0.26,1
99224,-0.36,-1,-1.01,-1.66,0.68,-0.42,1.14,2,-0.24,1
99225,-0.84,-3,-1.61,-1,0.2,0.45,1.86,2,-0.46,-1
99226,-0.58,3,0.71,-1.96,0.54,-0.24,0.12,2,2.82,0
99227,-0.78,-3,-0.48,-1.46,0.87,0.75,0.92,4,-4.81,-2
99228,-0.15,1,0.35,-1.72,0.85,0.2,1.58,5,1.41,0
99229,-0.05,3,-0.7,-0.08,0.09,-0.62,0.54,2,5.53,0
99230,-0.33,-1,0.45,-1.96,0.6,-0.92,0.48,4,-0.91,-2
99231,-0.46,-3,-1.07,-1.66,0.52,0.66,1.76,1,0.17,1
99232,-0.2,3,1,-1.34,0.24,0.21,1.8,1,3.95,0
99233,-0.99,3,-1.22,-0.98,0.99,-0.18,0.26,4,-3.12,1
99234,-0.93,-1,-0.89,-0.5,0.17,0.05,0.52,1,2.78,-2
99235,-0.79,5,0.83,-1.86,0.63,-0.61,0.82,4,3.61,0
99236,-0.23,-1,-1.2,-1.56,0.72,-0.31,0.78,3,0.56,-1
99237,-0.75,-3,-0.53,-0.96,0.76,0.79,0.26,1,2.48,0
99238,-0.71,5,1.14,-1.58,0.62,-0.76,1.12,4,-2.34,-1
99239,-0.54,5,0.42,-1.68,0.55,-0.47,0.2,3,3.84,1
99240,-0.36,5,-2.02,-0.56,0.03,-0.03,0.22,1,4.64,-2
99241,-0.6,-1,-0.32,-1.6,0.63,-0.65,0.82,2,3.02,1
99242,-0.39,-1,0.29,-1.76,0.94,0.01,1.36,1,-1.81,1
99243,-0.78,-1,0.35,-0.52,0.84,0.47,1.54,2,1.69,-1
99244,-0.78,-3,1.98,-1.72,0.1,0.87,0.14,5,2.43,0
99245,-0.13,1,0.23,-0.08,0.1,0.94,1.38,5,3.77,-1
99246,-0.26,1,-0.61,-1,0.27,-0.06,1.7,3,3.28,1
99247,-0.52,3,-1.17,-1.76,0.96,0.66,0.74,2,-2.69,-1
99248,-0.08,3,-0.45,-1.94,0.55,0.21,1.26,5,0.11,0
99249,-0.61,5,0.46,-0.06,0.38,0.48,0.5,3,3.79,-2
99250,-0.89,-1,-0.99,-1.14,0.16,0.84,0.56,4,-0.22,-1
99251,-0.46,-1,0.77,-1.16,0.99,-0.3,1,5,3.63,-2
99252,-0.82,3,-2.07,-0.16,0.68,-0.32,0.14,1,2.24,0
99253,-0.84,-3,-0.54,-0.22,0.89,-0.9,1.86,2,-0.05,-2
99254,-0.11,5,-1.58,-0.14,0.36,-0.23,1.42,4,-1.63,0
99255,-0.24,1,-0.92,-0.14,0.33,-0.32,1.38,4,2.05,-2
99256,-0.11,-1,0.87,-0.4,0.25,-0.59,0.7,2,-0.77,0
99257,-0.27,5,0.24,0,0.66,-0.38,1.54,2,4.65,-1
99258,-0.16,5,-0.18,-1.76,0.07,0.1,1.3,1,1.09,-2
99259,-0.58,-3,-0.9,-0.54,0.3,-0.15,0,2,3.88,-1
99260,-0.03,-3,-0.49,-1.1,0.38,0.77,0.04,3,-0.91,1
99261,-0.78,1,1.57,-0.7,0.19,0.48,0.92,4,0.85,-2
99262,-0.05,-1,-0.56,-0.62,0.99,-0.01,1.32,4,0.24,-2
99263,-0.01,-1,0.36,-0.16,0.76,-0.78,1.26,4,-2.21,-1
99264,-0.74,-1,-0.74,-0.5,0.49,-0.2,0.74,1,3.25,1
99265,-0.92,1,0.1,-1.06,0.76,0.06,1.3,5,-0.17,0
99266,-0.7,-1,-1.56,-0.7,0.03,-0.11,0.92,2,1.36,-1
99267,-0.96,-1,2.07,-1.14,0.31,-0.54,0.98,5,2.32,-1
99268,-0.25,3,-0.94,-0.82,0.26,0.67,0.12,2,4.32,0
99269,-0.4,5,-0.59,-0.14,0.55,-0.14,1.34,5,0.43,-2
99270,-0.75,-3,-0.78,-1.1,0.94,-0.08,0.58,3,0.32,0
99271,-0.44,3,-0.68,-0.04,0.09,-0.47,0.9,4,0.1,-2
99272,-0.21,3,-1.53,-0.52,0.98,-0.47,0.82,1,1.14,-1
99273,-0.1,3,0.84,-1.94,0.1,-0.04,0.38,1,2.57,0
99274,-0.2,-3,-0.58,-0.58,0.74,-0.2,1.66,5,-0.63,0
99275,-0.61,1,-0.42,-0.98,0.57,-0.01,0.08,4,-0.74,-1
99276,-0.27,-1,-2.13,-0.02,0.44,-0.34,1.54,1,2.7,1
99277,-0.2,-1,2.07,-1,0.36,-0.92,0.82,5,2.23,-1
99278,-0.18,1,-0.31,-1.58,0.51,-0.31,0.3,5,5,0
99279,-0.05,-3,-0.19,-0.58,0.5,0.87,0.36,1,1.51,1
99280,-0.05,1,0.76,-0.94,0.86,0.1,0.8,5,-3.28,1
99281,-0.81,5,-0.41,-0.54,0.36,-0.44,1.02,1,0.95,-2
99282,-0.04,1,0.81,-1.66,0.77,-0.6,1.78,3,-1.6,0
99283,-0.22,5,0.73,-1,0.97,0.28,1.82,3,-0.18,0
99284,-0.48,-1,-1.95,-1.5,0.92,0.96,0.52,1,-0.29,-1
99285,-0.49,-3,-0.06,-1.74,0.87,-0.6,1.04,3,1.77,1
99286,-0.39,-1,0.47,-0.3,0.94,-0.69,0.68,3,2.77,0
99287,-0.29,5,0.34,-0.84,0.36,0.25,0.48,3,0.89,1
99288,-0.68,5,0.88,-1.52,0.57,-0.5,0.68,2,0.53,1
99289,-0.67,-3,-0.44,-1.2,0.21,0.7,1.64,2,2.33,-2
99290,-0.47,-3,-0.22,-1.52,0.88,-0.45,0.36,4,0.9,0
99291,-0.67,-3,1.01,-0.4,0.13,0.9,1.66,5,1.53,-2
99292,-0.51,-1,2.04,-0.04,0.97,0.82,1.96,4,0.86,1
99293,-0.86,5,2.58,-0.16,0.75,0.27,0.64,5,0.43,-2
99294,-0.13,5,-0.95,-0.3,0.38,-0.84,0.72,2,1.29,0
99295,-0.78,5,-0.81,-1.34,0,-0.98,1.86,5,4.6,0
99296,-0.31,1,-1.21,-1.58,0.3,0.42,0.72,4,1.18,-1
99297,-0.23,1,-0.43,-1.26,0.51,-0.82,1.48,4,3.87,0
99298,-0.75,-3,-0.04,-1.7,0.49,0.98,1.18,2,0.01,-2
99299,-0.29,5,0.16,-1.12,0.72,0.68,1,5,4.83,-1
99300,-0.63,3,-1.8,-0.86,0.37,0.63,0.88,1,1.14,-2
99301,-0.12,-1,0.15,-1.84,0,-0.44,0.44,2,0.8,-1
99302,-0.22,-1,-0.66,-1.3,0.49,0.07,1.24,5,-0.01,0
99303,-0.53,3,-0.45,-1.4,0.18,0.96,1.04,2,0.04,-1
99304,-0.28,-1,0.64,-0.74,0.03,-0.69,0.88,2,2.35,-2
99305,-0.22,-3,-1.08,-1.22,0.61,0.78,1.42,2,2.83,-1
99306,-0.06,-1,1.46,-1.66,0.68,0.1,0.24,5,1.04,0
99307,-0.48,-1,-1.15,-1.6,0.52,-0.12,0.88,2,2.36,-1
99308,-0.6,5,-0.32,-1.68,0.93,0.37,1.26,3,2.64,0
99309,-0.18,3,-1.45,-1.1,0.57,0.74,1.84,2,-1.92,1
99310,-0.09,-3,-0.52,-0.32,0.59,-0.23,0.52,1,3.51,-2
99311,-0.31,5,-0.79,-0.04,0.59,0.41,1.88,5,1.43,0
99312,-0.53,3,0.66,-1.72,0.89,-0.09,0.92,4,-0.43,1
99313,-0.37,1,0.35,-0.6,0.27,0.75,1.64,3,-3.64,-1
99314,-0.51,3,-0.11,-0.86,0.89,-0.13,1.7,3,0.36,0
99315,-0.18,1,0.58,-0.9,0.46,0.68,0.4,1,0.27,0
99316,0,3,-0.45,-1.1,0.48,0.7,1.44,2,0.81,0
99317,-0.44,1,-1.53,-0.06,0.05,-0.59,1.02,4,1.36,0
99318,-0.85,5,2.18,-1.32,0.46,0.64,1.04,1,2.27,-1
99319,-0.23,1,-0.2,-0.1,0.31,0.43,1.54,3,1.47,0
99320,-0.41,-1,-0.33,-0.1,0.88,0.26,0.86,1,0.98,-2
99321,-0.38,-1,0.63,-0.4,0.66,-0.65,1.58,5,0.62,0
99322,-0.47,3,0.79,-0.98,0.72,-0.59,0.4,5,1.93,1
99323,-0.49,1,-0.56,-1.54,0.68,0.82,1.36,3,0.41,-1
99324,-0.08,5,-0.98,-0.3,0.37,-0.36,0.26,4,2.48,0
99325,-0.26,3,0.35,-0.16,0.16,0.5,0.9,2,-0.5,1
99326,-0.9,5,0.78,-0.64,0.41,0.59,1.08,4,1.04,0
99327,-0.72,-1,1.02,-1.84,0.47,-0.34,1.54,5,3.14,1
99328,-0.02,5,-0.71,-0.3,0.6,-0.46,2,1,1.47,-2
99329,-0.61,-1,0.21,-1.02,0.85,0.61,0.58,4,1.49,-2
99330,-0.18,3,-0.25,-1.2,0.62,0.88,1.5,2,2.83,0
99331,-0.91,1,1.27,-0.5,0.37,-0.94,1.14,5,-0.61,0
99332,-0.51,3,-0.19,-1.2,0.12,0.62,1.7,2,-2.13,-1
99333,-0.98,1,0.88,-0.28,0.4,-0.02,1.96,1,-0.4,0
99334,-0.75,-1,0.7,-1.66,0.84,-0.31,1.84,1,-2.38,-1
99335,-0.1,3,-0.14,-0.14,0.39,-0.41,0.74,2,-0.6,-1
99336,-0.71,3,-2.38,-1.74,0.78,0.74,0.94,4,2.32,1
99337,-0.62,1,-0.27,-0.66,0.94,0.85,0.4,4,3.07,-2
99338,-0.22,5,-0.04,-1.64,0.02,-0.88,1.66,3,1.97,1
99339,-0.41,3,0.28,-2,0.37,0.32,0.3,4,-0.49,1
99340,-0.93,5,-0.33,-0.96,0.99,0.74,0.76,1,2.47,0
99341,-0.56,3,-0.48,-0.26,0.65,0.58,0.24,4,3.1,0
99342,-0.99,-3,0.15,-0.92,0.33,0.48,0.9,5,0.28,-2
99343,-0.31,-1,0.43,-1.1,0.28,-0.63,1.7,3,1.94,-1
99344,-0.54,5,0.74,-1.96,0.19,-0.23,1.44,2,0.49,-2
99345,-0.61,-1,0.65,-0.84,0.52,-0.36,1.36,5,0.65,-1
99346,-0.43,-3,1.12,-0.68,0.6,0.7,1.64,4,-0.2,-2
99347,-0.87,-3,-1.53,-0.48,0.47,0.69,0.16,2,0.11,1
99348,-0.09,1,1.39,-0.72,0.16,0.13,1.48,1,3.5,0
99349,-0.85,3,-0.47,-0.86,0.03,0.21,0.86,2,-0.53,-1
99350,-0.95,-1,0.46,-1.1,0.85,-0.03,0.62,4,-0.71,-1
99351,-0.88,-3,0.75,-1.26,0.97,0.99,1.02,1,-0.16,1
99352,-0.34,-1,0.46,-0.58,0.99,0.74,0.74,3,-3.32,1
99353,-0.3,3,-0.16,-1.96,0.47,-0.75,0.56,1,0.74,-1
99354,-0.08,3,-0.21,-0.36,0.65,0.09,1.86,3,-1.96,-1
99355,-0.39,-1,0.08,-0.24,0.62,-0.35,1.44,2,2.65,1
99356,-0.54,1,-0.34,-1.18,0.11,0.8,0.02,4,-0.43,-2
99357,-0.7,5,-0.09,-1.16,0.76,-0.77,0.84,3,3.16,1
99358,-0.32,1,0.56,-0.76,0.42,-0.7,0.58,3,0,0
99359,-0.33,5,2.93,-0.5,0.98,0.51,1.36,4,-0.53,-2
99360,-0.68,-1,0.1,-0.82,0.39,-0.98,0.52,3,2.29,-2
99361,-0.59,-3,1.58,-1.42,0.13,-0.8,1.28,3,0.55,-1
99362,-0.56,-3,-0.23,-1.9,0.74,0.65,0.42,4,1.43,-1
99363,-0.23,3,-1.29,-0.26,0.97,-0.87,0.2,2,0.13,0
99364,-0.56,5,0.12,-0.44,0.31,-0.47,0.24,4,-2.7,0
99365,-0.79,-3,1.57,-0.06,0.91,1,0.6,1,3.55,-1
99366,-0.03,-3,-0.09,-1.78,0.7,-0.41,0.46,1,2.83,0
99367,-0.8,-3,-0.74,-0.96,0.99,-0.43,1.34,3,1.8,-2
99368,-0.89,1,0.9,-0.46,0.39,-0.93,0.76,5,2.34,-1
99369,-0.34,-1,-0.26,-1.1,0.69,0.65,0.22,1,-1.31,-2
99370,-0.53,1,-1.02,-1.2,0.09,0.18,0.96,1,0.58,-2
99371,-0.67,-1,0.29,-1.16,0.34,0.8,0.02,2,0.9,0
99372,-0.15,-3,0.68,-0.54,0.53,-0.47,0.52,3,0.61,-2
99373,-0.06,3,0.13,-0.26,0.82,0.72,1.8,5,2.15,-2
99374,-0.26,-3,-1.68,-1.02,0.25,0.29,1.18,5,2.2,1
99375,-0.31,1,0.57,-0.38,0.76,0.7,0.54,2,3.45,1
99376,-0.94,-1,-0.76,-0.38,0.64,0.05,1.36,3,2.12,0
99377,-0.36,-1,0.12,-0.62,0.03,0.7,1.26,4,3.69,-1
99378,-0.88,3,1.34,-1.82,0.72,-0.76,1.96,5,2.15,-2
99379,-0.51,5,0.15,-0.7,0.8,-0.98,0.3,2,-0.34,-2
99380,-0.33,-3,-0.67,-0.58,0.83,-0.21,0.64,5,0.75,-2
99381,-0.59,5,0.42,-0.86,0.78,0.82,0.9,5,1.97,-2
99382,-0.73,3,0.25,-1.74,0.51,-0.24,1.1,4,2.59,1
99383,-0.33,-3,-0.53,-1.36,0.25,-0.81,1.1,3,0.43,-1
99384,0,5,-0.45,-1.64,1,0.33,0.18,2,0.13,-2
99385,-0.5,3,1.1,-1.2,0.15,0.83,1.54,5,1.29,0
99386,0,-3,-0.25,-1.14,0.74,-0.89,1.16,2,5.18,0
99387,-0.92,1,-1.01,-1.52,0.29,0.4,0.78,3,5.66,0
99388,-0.77,3,0.22,-0.54,0.44,-0.49,0.88,5,-1.78,-2
99389,-0.21,3,1.04,-1.76,0.53,0.24,0.96,1,0.22,1
99390,-0.77,3,0.38,-1.52,0.23,-0.32,1.56,2,2.52,-1
99391,-0.7,-1,1.78,-1.5,0.68,-0.6,1.04,3,1.54,1
99392,-0.61,-1,-0.14,-1.18,0.76,0.95,0.5,3,1.78,-1
99393,-0.62,-1,-0.17,-1.78,0.89,-0.94,0.74,5,1.61,-2
99394,-0.07,1,-0.27,-0.14,0.23,0.74,0.3,5,1.28,-1
99395,-0.42,3,1.11,-0.9,0.11,-0.95,0.22,4,1.05,-1
99396,-0.62,5,0.52,-1.98,0.96,0.15,1.72,1,-1.78,-1
99397,-0.55,3,0.52,-1.4,0.89,1,2,5,0.15,0
99398,-0.44,-1,-1.36,-0.18,0.01,-0.38,0.6,2,3.1,-1
99399,-0.74,1,-1.59,-0.44,0.13,0.49,1.1,3,-0.83,-1
99400,-0.48,3,-1.29,-1.06,0.93,-0.09,1.36,4,1.89,1
99401,-0.73,5,-1.07,-0.22,0.61,0.63,0.42,4,0.85,-2
99402,-0.2,1,0.51,-1.72,0.26,-0.94,1.86,5,1,-1
99403,-0.91,1,-1.84,-0.04,0.81,-0.18,0.26,3,2.63,1
99404,-0.42,1,1.33,-0.84,0.14,0.47,0.5,1,-3.26,-1
99405,-0.64,5,-0.67,-0.26,0.9,-0.94,0.26,5,-1.36,1
99406,-0.76,5,-0.36,-0.76,0.31,1,0.22,4,0.14,-1
99407,-0.56,5,-0.02,-0.98,0.13,-0.44,1.98,1,-4.2,1
99408,-0.41,-3,-0.58,-0.14,0.35,-0.16,0.42,4,4.13,1
99409,-0.23,3,-0.17,-0.48,0.5,0.24,0.12,2,-0.97,0
99410,-0.69,1,1.12,-1.7,0.86,0.61,1.08,3,-2.3,-2
99411,-0.26,-3,0.79,-1.1,0.91,0.35,1.86,2,3.13,-1
99412,-0.85,3,-0.23,-1.74,0.47,0.24,0.42,2,0.14,-1
99413,-0.62,3,-0.12,-1.46,0.18,-0.69,0.1,2,1.31,1
99414,-0.7,3,2.07,-1.1,0.99,-0.48,1.72,5,2.1,0
99415,-0.25,5,-0.45,-0.94,0.24,0.36,1.82,4,-1.34,-2
99416,-0.64,5,-1.97,-0.74,0.79,0.54,0.24,4,1.29,-1
99417,-0.31,1,-0.84,-0.02,0.68,-0.33,0.04,2,-0.27,-1
99418,-0.51,-3,0.75,-1.52,0.38,-0.17,0.46,4,2.28,0
99419,-0.49,3,0.17,-0.02,0.72,-0.57,0.22,4,1.05,1
99420,-0.22,3,0.33,-0.86,0.25,-0.56,0.2,3,2.19,-1
99421,-0.11,5,-2.35,-1.04,0.16,0.35,1.4,1,0.26,-2
99422,-0.15,3,1.25,-1.48,0.07,-0.17,0.14,1,1.05,-1
99423,-0.78,1,-0.99,-0.52,0.92,-0.6,1.72,2,-1.61,0
99424,-0.15,-1,-1.1,-0.06,0.6,0.64,1.08,1,-0.17,-1
99425,-0.57,1,1.66,-0.9,0.84,-0.75,0.54,5,0.8,0
99426,-0.9,-1,-0.5,-1.62,0.27,0.22,1.76,5,1.12,0
99427,-0.95,1,-0.9,-1.68,0.28,-0.16,1.34,5,3.27,1
99428,-0.67,-3,-1.18,-1.08,0.89,1,2,4,4.09,-2
99429,-0.7,-3,-1.22,-1.2,0.71,0.24,1.46,1,2.47,-1
99430,-0.49,-3,0.37,-1.3,0.01,0.79,1.88,3,0.67,0
99431,-0.19,5,-1.37,-0.68,0.19,0.41,1.44,5,0.99,0
99432,-0.84,3,0.83,-0.66,0.52,-0.82,0.62,2,1.12,0
99433,-0.71,5,1.76,-0.34,0.18,0.35,1.1,1,2.8,1
99434,-0.6,1,0,-0.64,1,-0.77,1.18,4,1.21,0
99435,-0.43,-1,0.3,0,0.77,-0.72,1.5,5,0.82,0
99436,-0.8,3,0.27,-1.46,0.83,0.89,0.68,2,2,-2
99437,-0.54,5,-0.97,-0.42,0.2,0.25,1.9,3,2.2,-2
99438,-0.32,-1,0.08,-0.36,0.57,-0.2,1.1,2,-2.74,1
99439,-0.7,-1,1.49,-0.48,0.35,-0.52,0.24,3,-0.85,-2
99440,-0.1,-3,1.23,-1.1,0.64,-0.42,0.3,3,-0.59,1
99441,-0.93,1,-1.39,-0.96,0.45,0.67,1.48,1,1.24,1
99442,-0.71,5,-0.51,-0.96,0.08,0.44,1.84,3,3.36,-1
99443,-0.98,3,1.42,-0.62,0.71,0.48,1.22,5,3.24,0
99444,-0.36,3,-0.41,-0.92,0.64,0.98,1.94,3,6.16,1
99445,-0.29,1,-0.69,-0.74,0.16,-0.32,1.76,5,2.59,-1
99446,-0.78,-1,0.22,-1.42,0.73,-0.96,1.86,3,2.58,1
99447,-0.61,1,-0.43,-0.2,0.17,0.1,1.38,2,0.25,0
99448,-0.1,3,0.79,-0.92,0.42,0.61,0.18,3,0.95,-2
99449,-0.22,1,0.57,-1.66,0.14,-0.41,1.98,2,1.66,1
99450,-0.86,5,-0.53,-0.9,0.57,-0.13,0.72,2,3.2,0
99451,-0.08,1,0.98,-1.44,0.21,0.27,0.14,3,-1.76,-1
99452,-0.42,5,0.16,-0.04,0.79,-0.41,1.2,2,-2.62,1
99453,-0.2,3,1.45,-0.62,0.45,0.27,0.7,1,0.77,0
99454,-0.17,1,0.98,-0.26,0.78,-0.27,1.22,3,1.44,1
99455,-0.08,3,0.55,-1.64,0.34,0.88,1.68,3,1.34,1
99456,-0.65,-1,0.17,-0.5,0.45,-0.46,0.58,3,0.46,-2
99457,-0.41,3,-0.45,-1.52,0.81,-0.59,1.3,5,0.32,0
99458,-0.11,-3,0.41,-0.12,0.34,0.91,0.22,1,2.21,-2
99459,-0.82,5,0.63,-1.88,0.47,-0.65,0.52,4,0.99,1
99460,-0.39,1,-0.3,-0.26,0.03,-0.23,1.5,4,0.17,-2
99461,-0.48,-1,0.48,-0.44,0.47,-0.77,0.62,5,4.35,1
99462,-0.77,1,0.58,-1.24,0.96,0.9,1.34,2,0.74,-2
99463,-0.72,3,-0.18,-1.9,0.27,-0.36,0.98,3,-1.08,1
99464,-0.45,3,0.38,-1.34,0.48,0.46,0.28,1,3.1,-1
99465,-0.88,5,-0.81,-0.82,0.52,0.73,1.34,2,3.61,0
99466,-0.24,-3,-0.42,-0.1,0.96,-0.09,1.4,1,0.19,1
99467,-0.93,-1,0.86,-0.26,0.68,0.47,1.5,5,4.23,-1
99468,-0.98,3,-0.41,-0.76,0.45,-0.18,0.94,2,-1.17,0
99469,-0.87,1,-1.73,-1.48,0.73,0.65,0.48,3,2.77,-2
99470,-0.53,-3,-1.37,-1.24,0.49,0.35,1.34,5,4.19,0
99471,-0.53,3,-3.4,-1.68,0.24,0.14,0.64,2,2.49,-2
99472,-0.65,3,0.75,-0.44,0.09,0.04,1.12,2,0.47,-2
99473,-0.95,-3,2.13,-1.42,0.88,0.72,0.48,3,1.67,-1
99474,-0.79,1,0.4,-0.04,0.68,0.2,1.14,5,0.95,-1
99475,-0.45,-3,-0.63,-0.72,0.89,0.76,0.36,3,2.85,1
99476,-0.57,-3,-0.53,-1.48,0.01,0.93,0.6,5,2.03,0
99477,-0.06,1,-1.39,-0.82,0.52,0.32,0.28,4,1.77,0
99478,-0.33,-1,-1.23,-0.26,0.94,-0.37,1.6,3,-0.92,-1
99479,-0.41,-3,-0.84,-0.28,0.84,-0.16,0.96,5,0.28,-2
99480,-0.62,-1,-0.51,-1.82,0.96,0.89,1.7,1,2.48,-1
99481,-0.71,-3,-0.72,-0.44,0.79,-0.13,1.22,4,-1.89,-2
99482,-0.35,-3,0.41,-0.98,0.92,0.81,1.68,5,2.9,-2
99483,-0.91,3,-0.68,-1.78,0.17,-0.76,0.58,3,-1.97,-2
99484,-0.64,3,-1.05,-0.98,0.17,0.47,1.08,2,-0.42,1
99485,-0.98,-1,-0.54,-1.6,0.38,-0.79,1.5,3,0.35,-1
99486,-0.03,5,0.1,-1.06,0.04,-0.42,0.08,1,5.1,0
99487,-0.39,1,2.38,-0.1,0.53,0.97,1.24,2,6.21,-2
99488,-0.95,3,-0.27,-0.66,0.01,0.06,1.1,3,-0.16,1
99489,-0.69,-1,-1.63,-0.86,0.21,0.66,0.52,5,0.13,-1
99490,-0.61,1,-0.03,-1.58,0.36,0.48,1.46,3,-0.45,0
99491,-0.91,3,-1.29,-0.38,0.07,0.38,0.44,4,3.11,0
99492,-0.19,1,-1.07,-1.16,0.15,-0.53,1.4,5,-1.2,0
99493,-0.44,5,1.17,-1.58,0.9,0.47,1.76,3,3.89,-2
99494,-0.15,1,-0.17,-1.4,0.48,0.13,0.18,3,3.68,-2
99495,-0.4,-1,-1.47,-1.34,0.51,-0.39,1.42,4,2.55,1
99496,-0.99,5,1.24,-0.16,0.55,0.57,1.4,4,-0.32,-2
99497,-0.41,5,-0.4,-1.58,0.12,0.55,0.96,1,3.5,-1
99498,-0.76,-1,-2.57,-0.38,0.81,0.3,0.32,1,3.53,-2
99499,-0.98,-1,-1.04,-0.88,0.51,-0.81,1.16,5,-1.17,1
99500,-0.27,1,-0.34,-1.28,0.85,-0.77,0.72,1,0.37,-1
99501,-0.13,-1,0.89,-1.62,0.76,-0.94,1.84,3,0.53,1
99502,-0.7,3,0.52,-0.26,0.71,0.18,1.04,1,5.27,1
99503,-0.76,1,-1.29,-0.34,0.7,0.14,0.72,5,2.69,-2
99504,-0.24,3,0.59,-0.86,0.1,-0.66,1.64,3,2.76,-1
99505,-0.95,3,-0.55,-0.06,0.37,0.41,1.04,4,2.79,-2
99506,-0.86,-3,-0.3,-0.9,0.29,0.6,0.38,3,-0.13,0
99507,-0.73,-1,-0.21,-0.22,0.38,0.17,0.48,4,3.38,0
99508,-0.3,5,0.28,-0.18,0.56,-0.84,1.6,3,-1.14,-2
99509,-0.31,5,0.41,-1.72,0.54,-0.54,0.18,5,0.79,1
99510,-0.44,3,-0.39,-1.66,0.75,0.29,1.58,5,0.88,-2
99511,-0.2,-1,0.32,-0.18,0.86,0.25,1.48,4,0.77,-2
99512,-0.74,5,2.2,-0.16,0.79,-0.32,0.38,5,1.18,1
99513,-0.34,1,0.11,-1.76,0.13,-0.79,0.82,4,1.75,1
99514,-0.46,-3,0.62,-0.98,0.11,0.47,1.84,5,2.36,0
99515,-0.61,1,0.79,-1.86,0.68,0.08,1.44,4,0.67,0
99516,-0.33,-1,-0.89,-0.8,0.25,0.18,1.86,1,3.63,-1
99517,-0.12,-1,-0.5,-1.14,0.52,-0.29,0.22,1,-2.94,-2
99518,-0.86,-1,-0.78,-0.8,0.13,-0.29,0.5,1,4.47,-2
99519,-0.56,-3,0.76,-0.2,0.44,-0.89,0.98,4,-1.38,1
99520,-0.18,-1,-0.92,-0.3,0.34,-0.71,0.08,1,-0.42,1
99521,-0.99,3,0.33,-0.46,0.4,0,1.64,3,0.67,0
99522,-0.97,-3,-0.98,-1.42,0.64,-0.78,0.84,1,-0.95,-1
99523,-0.36,3,0.67,-1.84,0.2,0.08,0.18,4,2.31,-1
99524,-0.14,-1,0.09,-1.72,0.06,0.85,0.28,5,0.4,0
99525,-0.4,-3,0.62,-1.68,0.28,0.02,1.6,2,-1.6,1
99526,-0.98,5,0.8,-0.34,0.48,0.57,1.42,2,-1.31,-2
99527,-0.25,-1,-0.12,-1.82,0.3,0.54,1.04,3,1.34,-2
99528,-0.95,3,-0.48,-0.7,0.36,-0.54,0.36,1,0.74,-1
99529,-0.7,-1,-0.64,-0.38,0.08,0.83,2,1,3.72,0
99530,-0.71,-3,-1.47,-0.38,0.51,0.07,0.98,2,2.86,1
99531,-0.79,-1,2.02,-1.24,0.88,-0.74,1.96,1,0.36,0
99532,-0.87,-1,0.69,-0.06,0.69,-0.87,1.84,1,3.85,-1
99533,-0.72,3,-0.52,-0.08,0.95,-0.86,0.26,2,-0.53,0
99534,-0.42,-1,-0.28,-0.4,0.8,-0.07,0.26,4,4.19,0
99535,-0.97,1,-0.62,-0.3,0.92,-0.9,0.28,1,2.01,0
99536,-0.56,1,-0.11,-0.56,0.63,-0.8,0.74,4,1.44,-2
99537,-0.42,1,-0.58,-1.76,0.32,0.3,0.4,2,3.5,0
99538,-0.36,5,0.96,-0.94,0.04,0.91,2,1,1.13,1
99539,-0.68,-1,-0.38,-1.64,0.32,0.86,1.82,4,-1.09,0
99540,-0.25,3,-0.27,-1.7,0.42,0.03,0.86,4,-1.23,1
99541,-0.68,-3,0.51,-0.22,0.97,-0.98,0.74,5,1.58,0
99542,-0.67,5,-0.29,-1.64,0.93,-0.87,1.2,1,1.95,0
99543,-0.17,1,-0.82,-0.32,0.67,0.57,1.36,4,2.56,-1
99544,-0.5,5,0.43,-1.44,0.42,0.23,0.02,3,-0.54,-1
99545,-0.23,-3,-0.87,-1.06,0.2,-0.14,1.5,1,6.27,-1
99546,-0.45,1,-0.62,-0.32,0.34,0.53,1.36,5,1.07,0
99547,-0.66,3,-0.14,-1.76,0.47,-0.21,1.62,1,1.55,-2
99548,-0.21,3,-1.35,-1.04,0.31,0.84,1.24,2,0.59,0
99549,-0.38,1,0.02,-0.42,0.32,0.1,0.14,4,1.03,-2
99550,-0.57,5,1.1,-0.54,0.07,0.42,1.88,3,-1.11,1
99551,-0.17,-1,-1.39,-1.5,0.49,0.97,1.32,3,-0.46,0
99552,-0.54,3,1.94,-1.82,0.65,0.41,0.96,3,2.14,1
99553,-0.77,-1,-0.05,-1.06,0.8,-0.19,1.62,1,-0.69,0
99554,-0.69,5,-0.76,-1.68,0.26,-0.67,1.5,2,1.66,1
99555,-0.05,-3,-1.66,-1,0.67,0.62,1.28,1,-0.45,-1
99556,-0.56,5,0.07,-0.9,0.96,0.94,0.2,3,2.48,0
99557,-0.56,5,0.39,-1.44,0.85,0.6,0.1,3,1.69,1
99558,-0.51,5,-1.3,-0.12,0.41,-0.56,1.64,5,1.26,1
99559,-0.28,3,0.16,-1.16,0.95,0.74,1.04,1,2.7,-2
99560,-0.73,-3,-0.78,-1.46,0.98,0.62,0.98,4,-1.91,-2
99561,-0.85,5,0.42,-1.82,0.3,0.89,0.84,2,-0.73,-2
99562,-0.96,5,-0.5,-1.44,0.83,-0.1,0.54,3,4.62,1
99563,-0.18,1,-2.91,-1.26,0.43,0.99,0.72,4,1.18,0
99564,-0.31,-1,0.92,-1.76,0.27,-0.73,0.9,5,0.83,-2
99565,-0.72,-1,-1.33,-1.74,0.8,0.42,1.22,1,-0.14,1
99566,-0.63,5,-1.44,-0.7,0.25,-0.01,0.78,1,-0.8,-2
99567,-0.86,-3,1.41,-1.48,0.39,0.53,2,5,0.51,-2
99568,-0.81,3,-1.12,-1.36,0.57,0.43,1.48,5,0.03,0
99569,-0.42,3,-0.64,-0.18,0.19,0.48,0.64,4,0.47,0
99570,-0.21,5,0.08,-0.86,0.39,-0.55,0.5,2,1.78,-1
99571,-0.64,3,0.52,-0.1,0.52,0.26,0.16,2,0.21,-1
99572,-0.35,5,-1.36,-1.5,0.53,0.62,0.06,3,1.95,0
99573,-0.2,-3,-0.84,-0.96,0.2,0.6,1.12,4,1.92,-1
99574,-0.64,1,1.17,-0.62,0.55,0.68,0.86,3,-0.68,-1
99575,-0.11,3,-0.15,-1.78,0.75,-1,1.3,5,0.62,0
99576,-0.33,3,-1.26,-0.62,0.7,-0.98,1.78,3,2.42,1
99577,-0.47,1,-1.45,-0.92,0.78,0.44,1.12,4,1.24,-2
99578,-0.53,1,-0.43,-0.72,0.31,0,0.56,3,1.97,-1
99579,-0.22,5,0.42,-1.62,0.67,-0.79,1.08,3,2.16,-2
99580,-0.55,-1,0.88,-1.58,0.12,0.19,0.38,3,2.38,1
99581,-0.69,3,-0.26,-1.86,0.11,-0.53,0.3,3,1.03,-2
99582,-0.24,1,-0.45,-0.38,0.83,-0.66,0.86,2,-2.77,0
99583,-0.97,5,-0.97,-0.86,0.67,0.17,0.16,1,-4.6,-2
99584,-0.83,5,0.04,-1.54,0.35,-0.18,1.16,1,2.73,1
99585,-0.02,5,0.55,-1.86,0.75,0.21,1.58,4,2.79,1
99586,-0.18,5,-0.04,-0.12,0.84,0.75,1.7,2,1.6,-1
99587,-0.74,-3,-1.22,-1.48,0.98,-0.49,1.18,4,2.12,0
99588,-0.32,1,0.1,-1.44,0.47,-0.65,1.22,5,-1.83,1
99589,-0.63,-3,-0.55,-1.86,0.91,-0.19,0.46,4,-6.17,-2
99590,-0.95,5,1.41,-0.74,0.24,0.02,1.58,1,0.84,1
99591,-0.52,-3,0.31,-0.74,0.21,-0.13,0.3,3,0.76,-2
99592,-0.79,5,1.23,-0.64,0.03,-0.48,1.46,1,2.88,0
99593,-0.65,3,0.53,-0.38,0.91,-0.97,1.84,5,1.64,0
99594,-0.98,-3,-1.53,-1.96,0.87,-0.33,1.38,5,5.61,-1
99595,-0.07,5,-1.46,-0.52,0.51,0.69,1.94,5,-0.2,0
99596,-0.89,-3,-2.01,-0.98,0.9,-0.19,1.36,1,-1.86,0
99597,-0.01,1,-0.23,-1.08,0.4,-0.71,0.24,3,2.85,-1
99598,-1,1,0.63,-0.54,0.23,-0.21,1.86,3,3.71,0
99599,-0.31,-1,-0.09,-1.38,0.53,-0.05,1.36,3,4.07,1
99600,-0.48,1,0.65,-1.46,0.02,-0.09,0.04,1,-1.47,0
99601,-0.7,3,-0.4,-0.02,0.51,0.93,1.78,4,0.57,0
99602,-0.65,5,0.01,-0.38,0.32,0.92,1.42,1,-0.15,0
99603,-0.61,-1,0.26,-1.72,0.18,0.01,0.08,3,0.65,-2
99604,-0.64,-3,0.43,-0.58,0.33,0.18,0.92,4,1.72,0
99605,-0.02,-1,0.01,-1.64,0.95,0.51,1.8,2,-1.55,-1
99606,-0.19,3,-1.11,-0.02,0.37,0.15,0.14,4,2.33,0
99607,-0.31,3,-0.68,-1.46,0.01,0.35,0.46,3,0.65,1
99608,-0.71,5,0.87,-1.96,0.27,-0.33,1.56,1,1.25,1
99609,-0.09,5,1.4,-1.56,0.09,-0.56,0.16,3,3.54,0
99610,-0.58,-1,-2.68,-1.22,0.63,-0.57,1,2,0.65,-1
99611,-0.19,5,-0.52,-1.62,0.6,-0.62,0.2,1,1.97,1
99612,-0.21,-1,-0.95,-0.52,0.94,0.87,1.72,5,-1.78,-1
99613,-0.05,5,-1.48,-0.98,0.05,-0.59,1.96,2,-0.15,-2
99614,-0.6,-1,-1.01,-0.9,0.12,0.66,0.02,4,3.27,1
99615,-0.13,3,-1.47,-1.58,0.77,0.87,0.42,5,0.56,0
99616,-0.32,-1,-0.72,-0.42,0.49,-0.64,1.58,3,0.16,1
99617,-0.66,3,0.28,-1.26,0.12,-0.47,1.4,1,-1.76,1
99618,-0.87,-3,-0.54,-1.54,0.56,0.17,0.8,2,-0.51,-1
99619,-0.57,1,0.66,-1.08,0.98,-0.78,1.2,4,3.57,1
99620,-0.04,3,-0.27,-0.5,0.66,0.66,0.8,1,3.74,0
99621,-0.47,5,-1.42,-0.74,0.76,0.99,0.82,3,1.49,-2
99622,-0.25,-1,-1.09,-1.2,0.63,-0.82,1.36,1,0.41,-1
99623,-0.02,-1,1.99,-0.02,0.87,-0.8,0.42,4,-1.36,1
99624,-0.29,3,0.68,-1.78,0.51,0.96,1.48,2,1.94,-2
99625,-0.5,5,-1.77,-0.52,0.88,0.67,0.8,2,3.56,1
99626,-0.36,-1,0.14,-0.08,0.04,-0.15,0.1,5,1.53,-2
99627,-0.37,-1,0.2,-0.9,0.65,0.18,1.82,3,6.46,0
99628,-0.74,1,-1.15,-1.84,0.51,0.87,0.4,1,0.48,-2
99629,-0.87,5,-1.6,-0.12,0.71,-0.43,0.18,3,-1.82,1
99630,-0.6,1,1.26,-0.62,0.38,1,0.34,5,2.14,1
99631,-0.98,-3,0.8,-0.84,0.77,0.54,0.1,1,1.43,1
99632,-0.1,-3,-0.75,-0.3,0.16,-0.66,1.34,5,0.78,1
99633,-0.52,1,0.83,-0.24,0.29,-0.16,0.02,5,-1.38,-1
99634,-0.79,5,0.74,-0.16,0.72,0.37,0.02,1,1.81,0
99635,-0.78,-1,-0.62,-1.26,0.21,0.7,0.94,5,2.83,-2
99636,-0.89,-1,1.13,-1.78,0.92,0.72,1.32,2,1.31,1
99637,-0.33,3,-2.11,-1.06,0.96,0.62,0.88,1,0.94,0
99638,-0.85,1,0.7,-1.08,0.43,-0.76,1.52,2,1.26,-2
99639,-0.2,-3,-1.79,-1.38,0.71,-0.96,0.68,4,2.91,-1
99640,-0.37,1,1.66,-0.58,0.63,-0.06,0.22,4,1.4,0
99641,-0.86,1,1.52,-1.06,0.53,0.6,1.28,5,-1.34,1
99642,-0.44,3,-0.39,-0.24,0.98,0.73,0.92,4,0.89,0
99643,-0.9,5,-0.21,-0.12,0.17,-0.95,0.56,3,1.38,1
99644,-0.37,1,-0.67,-1.34,0.73,-0.85,0.9,1,2.66,-1
99645,-0.6,-1,0.03,-0.4,0.03,-0.4,0.3,1,1.24,-1
99646,-0.19,-1,0.21,-0.02,0.36,-0.19,0.18,2,0.91,-1
99647,-0.2,-3,-0.65,-1.6,0.32,-0.76,1.2,4,1.75,-1
99648,-0.06,-3,-0.82,-0.92,0.11,0.45,1.88,2,1.3,-2
99649,-0.61,-3,0.42,-0.54,0.69,-0.15,1.92,4,-3.35,1
99650,-0.01,5,-1.56,-0.38,0.15,0.94,0.28,3,1.65,1
99651,-0.74,3,-0.92,-1.2,0.1,-0.87,1.76,5,2.7,1
99652,-0.23,1,0.82,-1.98,0.71,0.66,0.28,4,0.03,-2
99653,-0.45,1,0.52,-1.08,0.86,-0.11,0.12,2,2.04,0
99654,-0.39,1,-0.47,-1.92,0.07,-0.46,1.44,5,1.15,1
99655,-0.49,-3,0.79,-0.34,0.96,0.24,0.92,3,-1.46,0
99656,-0.73,5,1.35,-0.84,0.44,0.92,0.62,3,-1.64,1
99657,-0.71,-3,-0.1,-1.78,0.63,-0.03,1.54,1,2.57,-1
99658,-0.27,-1,-1.78,-0.32,0.98,0.53,0.86,5,4.14,1
99659,-0.42,-3,-0.92,-0.76,0.54,0.19,0.44,1,1.86,-2
99660,0,1,-0.7,-1.42,0.87,-0.46,0.64,2,0.42,-2
99661,-0.14,-3,0.58,-0.78,0.19,0.88,0.36,2,0.7,0
99662,-0.4,-3,0.31,-1.02,0.76,0.84,1.08,1,-1.73,-1
99663,-0.24,-3,0.77,-1.54,0.07,-0.22,1.42,4,2.5,-2
99664,-0.61,-3,-0.77,-1.64,0.92,0.98,1.88,4,1.41,-2
99665,-0.34,-1,-0.12,-0.88,0.05,-0.99,1.26,2,3.7,-1
99666,-0.45,-3,-0.75,-0.26,0.46,0.7,1.64,5,0.41,0
99667,-0.8,-1,0.29,-1.6,0.06,0.15,0.6,1,-0.31,-2
99668,-0.47,5,0.04,-1.18,0.34,-0.39,1.04,1,-0.52,-2
99669,-0.57,-3,0.49,-1.42,0.45,-0.56,0.1,5,2.53,0
99670,-0.96,-1,-0.44,-1.12,0.07,0.82,0.86,5,-0.69,0
99671,-0.23,1,-0.03,-1.8,0.88,0.41,1.16,3,1.39,-1
99672,-0.49,1,1.14,-0.78,0.23,0.22,0.58,4,-1.01,0
99673,-0.08,1,1.23,-1.46,0.56,-0.91,0.48,5,1.58,1
99674,-0.68,1,-1.54,-1.94,0.45,-0.32,1.34,4,2.71,0
99675,-0.13,3,-0.28,-0.04,0.58,0.21,1.82,2,2.61,1
99676,-0.35,5,-1.32,-0.88,0.8,-0.62,1.26,5,2.66,-1
99677,-0.99,-3,0.64,-1.76,0.57,0.27,1.46,5,-0.74,1
99678,-0.31,5,-0.78,-1.92,0.63,-0.4,1.68,2,3.68,1
99679,-0.1,1,0.24,-0.18,0.13,-0.5,0.44,2,0.76,-2
99680,-0.23,5,-2.02,-0.72,0.39,0.42,0.52,1,0.41,1
99681,-0.87,3,1.7,-1.46,0.88,-0.6,1.52,5,0.56,0
99682,-0.44,-3,1.14,-1.86,0.03,0.26,0.7,2,-0.14,1
99683,-0.11,-3,-2.02,-0.08,0.26,-0.65,0.68,2,-0.16,0
99684,-0.6,-1,1.31,-0.72,0.49,-0.49,0.46,4,0.98,1
99685,-0.59,5,-0.33,-0.74,0.74,-0.18,0.88,1,0.33,0
99686,-0.52,1,-0.34,-0.92,0.21,-0.57,0.74,5,-1.81,1
99687,-0.26,5,-0.92,-0.94,0.94,-0.15,0.14,1,0.05,-1
99688,-0.65,-1,0.63,-1.8,0.99,-0.11,0.26,1,-0.38,0
99689,-0.96,-1,0.86,-1.74,0.19,0.09,1.16,3,1.1,0
99690,-0.67,3,-0.4,-0.94,0.22,0.86,0.88,1,1.47,1
99691,-0.58,-1,-0.38,-1.76,0.97,0.73,0.78,1,4.04,-2
99692,-0.4,-3,-1.08,-0.26,0.7,0.73,1.96,5,-1.35,0
99693,-0.09,1,-0.77,-0.46,0.17,-0.71,0.5,2,-0.84,-1
99694,-0.56,5,2.43,-1.38,0.69,0.18,0.58,1,-1.19,-2
99695,-0.26,5,-1.71,-0.48,0.72,-0.7,0.38,1,0.37,-2
99696,-0.48,1,0.26,-0.68,0.58,-0.42,1.38,5,0.03,1
99697,-0.86,-1,1.31,-0.4,0.78,0.24,0.3,5,3.19,-2
99698,-0.44,-3,-0.2,-1.64,0.46,0.58,0.18,2,2.15,0
99699,-0.99,5,-0.95,-1.06,0.32,-0.55,1.1,3,2.58,0
99700,-0.19,-1,0.02,-1.88,0.02,0.22,0.38,1,1.93,1
99701,-0.51,5,-0.31,-1.3,0.44,-0.64,1.98,5,2.01,-1
99702,-0.5,3,-0.5,-1.94,0.68,0.62,0.4,2,-0.47,-1
99703,-0.57,-3,-1.26,-1.16,0.92,0.75,1.92,2,2.45,1
99704,-1,3,1.01,-0.68,0.56,-0.9,0.56,2,-1.65,-2
99705,-0.44,1,-1.51,-0.92,0.67,-0.1,0.36,2,1.01,0
99706,-0.68,1,-1.56,-1.94,0.23,0.47,0.64,4,-0.72,1
99707,-0.31,-1,-0.97,-1.26,0.87,0.58,1.88,2,-2.13,1
99708,-0.04,3,-3.04,-0.9,0.92,-0.55,0.04,3,4.4,-1
99709,-0.24,3,0.75,-1.36,0.88,-0.75,0.92,2,0.41,1
99710,-0.95,-3,-0.44,-0.42,0.19,-0.53,1,4,-1.89,0
99711,-0.94,1,-0.67,-0.52,0.69,-0.08,0.2,1,-1.98,-1
99712,-0.84,5,-0.61,-0.22,0.29,-0.07,1.02,5,-1.45,0
99713,-0.62,5,-1.58,-1.9,0.78,-0.37,1.96,3,1.47,-1
99714,-0.29,5,0.45,-1.68,0.46,-0.43,1.8,4,3.87,1
99715,-0.51,5,0.31,-0.52,0.96,-0.92,0.98,1,5.33,0
99716,-0.79,5,0.53,-0.68,0.8,0.89,0.46,3,3.36,0
99717,-0.11,-1,1.14,-1.5,0.56,-0.18,1.4,3,5.01,0
99718,-0.66,-3,-0.08,-1.64,0.04,-0.06,1.06,2,3.93,-1
99719,-0.34,-3,-1.6,-0.04,0.84,0.97,1.9,4,2.6,-1
99720,-0.12,5,0.49,-0.1,0.85,-0.43,1.96,4,0.83,-1
99721,-0.34,3,0.55,-0.48,0.54,0.66,0.32,5,-0.08,-2
99722,-0.58,5,-0.31,-0.48,0.67,0.6,0.68,4,3,-2
99723,0,1,-0.27,-1.48,0.07,-0.85,1.9,3,2.3,1
99724,-0.53,5,0.7,-1.44,0.23,0.67,1.82,1,1.74,-1
99725,-0.47,1,0.52,-0.08,0.75,0.87,1.06,5,0.04,1
99726,-0.26,3,-0.81,-1.38,0.18,-0.05,1.22,4,0.47,1
99727,-0.64,1,-0.42,-1.32,0.69,0.53,0.6,4,3.07,1
99728,-0.34,-3,0.1,-1.06,0.53,0.17,0.8,2,2.18,-1
99729,-0.64,5,0.83,-0.88,0.56,-0.69,0.44,3,0.13,-2
99730,-0.64,3,-1.08,-0.84,0.74,0.07,0.04,1,-0.1,1
99731,-0.02,-3,0.1,-1.46,0.71,0.07,0.64,3,3.3,-2
99732,-0.56,1,-2.12,-1.66,0.35,-0.25,1.32,1,-0.63,0
99733,-0.17,-3,0.51,-1.54,0.21,-0.48,1.72,4,-2.21,0
99734,-0.08,1,-1.31,-1.14,0.2,-0.83,0.72,5,0.33,-1
99735,-0.33,5,0.17,-1.52,0.93,-0.71,0.08,5,0.82,0
99736,-0.44,3,-1.5,-1.8,0.48,-0.16,0.9,3,-0.75,1
99737,-0.19,1,-0.38,-0.24,0.89,-0.78,0.36,3,-0.06,-2
99738,-0.7,1,1.06,-0.98,0.53,-0.26,0.5,1,5.59,1
99739,-0.58,-3,-1.49,-0.38,0.97,0.96,1.28,2,1.67,0
99740,-0.28,5,2.41,-1.7,0.54,0.18,0.5,5,0.62,0
99741,-0.72,1,-0.24,-1,0.63,0.91,0.02,3,1.97,0
99742,-0.87,5,-0.03,-0.2,0.04,0.17,1.26,1,4.33,1
99743,-0.5,-3,1.28,-0.04,0.11,-0.67,0.4,5,-3.78,0
99744,-0.77,1,0.38,-1.1,0.18,-0.3,1.72,3,0.31,1
99745,-0.69,-3,-0.01,-1.76,0.68,0.66,1.74,5,3.5,1
99746,-0.59,1,-1.1,-1.08,0.01,-0.68,1.84,1,-1.69,1
99747,-0.4,5,-0.51,-1.32,0.47,0,1.74,2,1.4,1
99748,-0.01,5,0.38,-0.02,0.32,0.01,0.62,1,-4.15,-1
99749,-0.88,5,1.04,-1.86,0.14,-0.62,1.16,4,-2.31,1
99750,-0.37,5,-1.4,-0.74,0.51,0.7,0.22,1,-0.07,1
99751,-0.88,-1,0.03,-0.44,0.8,-0.93,0.04,3,0.24,0
99752,-0.32,5,-0.59,-1.06,0.32,-0.71,0.7,4,-1.23,1
99753,-0.77,-3,0.24,-1.92,0.34,-0.93,0.08,2,0.27,1
99754,-0.12,3,-0.51,-1.48,0.03,-0.86,1.22,1,-2.27,-2
99755,-0.85,-3,0.01,-0.04,0.85,-0.12,1.86,1,4.05,-2
99756,-0.05,1,-1.56,-1.88,0.58,0.22,1.3,2,-1.64,-2
99757,-0.19,-3,-0.04,-1.78,0.16,0.24,0.52,3,1.44,-2
99758,-0.54,3,-0.85,-0.4,0.1,1,0.22,5,3.95,-2
99759,-0.61,3,1.99,-1.82,0.72,-0.44,1.8,1,3.2,-2
99760,-0.32,-1,1.58,-1.82,0.06,-0.21,1.96,2,3.23,-1
99761,-0.31,3,-0.8,-0.26,0.31,0.35,0.08,3,3.26,1
99762,-0.19,3,1.38,-0.4,0.37,0.5,0.28,1,0.4,0
99763,-0.89,1,-0.18,-0.94,0.76,0.46,0.9,3,4.06,0
99764,-0.06,-3,-1.33,-0.98,0.48,0.18,1.6,5,1.29,1
99765,-0.68,-3,0.5,-1.34,0.78,-0.57,1.84,1,2.76,-2
99766,-0.97,-1,0.52,-1.76,0.4,0.89,1.68,5,-1.37,1
99767,-0.44,-1,-1.52,-1.1,0.53,0.06,1.2,4,-0.81,-1
99768,-0.49,-3,0.17,-1.4,0.4,0.45,1.56,5,2.37,0
99769,-0.84,-3,-0.33,-0.5,0.02,0.64,0.1,4,3.53,-1
99770,-0.36,5,-0.76,-1.58,0.95,0.43,0.96,3,4.19,0
99771,-0.25,1,-0.11,-0.6,0.92,-0.41,0.96,5,2.98,-2
99772,-0.08,-1,-0.16,-0.9,0.89,-0.82,0.76,1,2.99,-2
99773,-0.33,-1,1.62,-0.02,0.57,-0.16,1.64,5,2.35,0
99774,-0.11,1,0.96,-1.52,0.76,-0.99,1.26,2,1.43,-1
99775,-0.16,-1,-0.01,-1.76,0.81,0,1,1,2.52,0
99776,-0.4,5,3.69,-1.66,0.97,0.24,1.76,3,0.33,-2
99777,-0.87,1,-0.26,-0.64,0.21,-0.22,2,3,-0.28,-2
99778,-0.67,-3,0.18,-0.84,0.95,0.03,0.72,5,1.25,-1
99779,-0.47,-1,0.62,-0.24,0.83,0.45,1.7,3,0.55,-2
99780,-0.05,-3,-0.37,-0.18,0.17,-0.49,0.78,1,4.29,-1
99781,-0.58,1,-1.59,-1.54,0.45,-0.99,1.88,5,0.09,1
99782,-0.71,5,0.14,-1.22,0.48,-0.51,1.36,2,-1.63,0
99783,-0.19,1,-0.02,-0.98,0.43,0.4,0.6,1,-0.62,1
99784,-0.45,5,2.78,-0.1,0.35,-0.76,0.24,1,0.56,0
99785,-0.44,3,-0.98,-1.44,0.6,0.91,1.48,2,1.01,-2
99786,-0.23,3,-0.6,-0.32,0.65,-0.03,1.48,4,0.65,-1
99787,-0.58,-3,-1.28,-0.62,0.32,-0.94,1.42,2,0.6,0
99788,-0.67,3,0.46,-0.06,0.7,0.02,1.14,3,0.51,-2
99789,-0.27,3,0.36,-0.7,0.84,0.81,0.96,3,2.4,1
99790,-0.11,1,0.29,-0.06,0.21,0.3,1.24,1,2.49,0
99791,-0.02,5,0.38,-1.8,0.58,0.58,0.3,1,0.85,-2
99792,-0.8,5,0.13,-0.72,0.13,-0.71,0.44,3,-0.22,0
99793,-0.51,1,-1.58,-0.2,0.61,-0.29,1.28,2,-2.39,0
99794,-0.42,-3,-0.29,-0.42,0.71,0.45,1.04,5,0.49,0
99795,-0.2,3,-0.75,-0.82,0.02,-0.2,1.64,4,1.21,-2
99796,-0.91,1,-1.08,-1.42,0.71,-0.41,1.7,3,0.64,-1
99797,-0.68,5,1.27,-0.38,0.1,0.39,0.46,5,1.5,0
99798,-0.09,1,-1.01,-0.46,0.63,0.21,0.6,5,-1.25,0
99799,-0.63,1,0.71,-0.98,0.94,-0.34,1.68,1,2,-1
99800,-0.14,-1,-1.29,-0.42,0.57,-0.3,0.96,4,0.77,-2
99801,-0.13,3,-2.2,-1.16,0.48,-0.23,1.42,2,-2.01,0
99802,-0.76,-3,-0.17,-0.38,0.82,0.19,0.36,4,0.64,0
99803,-0.48,-3,0.04,-1,0.35,-0.38,0.62,4,-0.55,0
99804,-0.96,1,0.2,-1.3,0.51,0.64,1.32,5,-0.58,0
99805,-0.56,5,-1.22,-0.42,0.77,-0.46,0.3,1,2.18,0
99806,-0.26,-1,0.47,-1.3,0.94,-0.14,0.86,1,-0.92,-2
99807,-0.79,1,-0.03,-1.64,0.99,-0.81,1.68,3,3.27,1
99808,-0.59,-3,-0.02,-0.28,0.87,-0.02,0.34,2,0.44,-2
99809,-0.84,3,0.13,-0.7,0.79,-0.86,0.28,4,3.99,0
99810,-0.32,-1,0.11,-1.08,0.6,0.43,0.12,3,0.76,1
99811,-0.47,5,2.36,-0.6,0.29,-0.79,1.06,1,-1.94,-2
99812,-0.22,5,0.73,-1.56,0.8,0.71,1.72,4,-0.52,-1
99813,-0.42,5,0.11,-1.84,0.89,-0.93,0.82,2,-0.63,-2
99814,-0.73,3,0.67,-0.26,0.02,-0.86,1.44,5,1.23,-2
99815,-0.08,-1,2.05,-1.82,0.62,0.12,0.98,2,1.58,-2
99816,-0.86,-3,0.41,-0.66,0.88,-0.93,0.34,1,1.19,1
99817,-0.13,-1,0.72,-0.9,0.49,0.61,0.52,1,0.2,-2
99818,-0.21,-3,0.56,-1.62,0.84,0.29,1.34,3,1.14,-1
99819,-0.18,3,0.34,-0.86,0.37,0.51,1.4,3,1.02,-1
99820,-0.52,3,0.84,-0.66,0.51,-0.58,0.7,1,0.7,0
99821,-0.85,3,0.57,-1.02,0.1,0.04,1.62,3,0.21,-1
99822,-0.82,-1,0.43,-0.78,0.89,0.1,1.82,2,1.98,-2
99823,-0.93,-1,1.77,-0.54,0.55,-0.96,1.42,2,6.83,-1
99824,-0.22,5,1.89,-1.08,0.83,0.06,1.4,5,0.31,-2
99825,-0.69,5,0.44,-0.46,0.49,-0.53,1.42,1,2.2,-1
99826,-0.39,1,-0.62,-0.24,0.58,0.9,0.64,2,4.31,0
99827,-0.75,-3,0.87,-0.88,0.38,0.85,0.6,5,0.67,0
99828,-0.47,-1,-0.72,-1.76,0.49,0.13,0.32,1,-0.34,-2
99829,-0.43,5,0.22,-1.78,0.1,0.53,1.68,4,-0.98,-2
99830,-0.15,3,0.74,-1.38,0.94,0.93,0.52,2,4.85,0
99831,-0.84,-3,0.83,-1.24,0.43,-0.02,1.68,1,2.46,-2
99832,-0.58,-3,-0.55,-0.3,0.29,0.23,1.06,3,1.7,-1
99833,-0.14,1,-0.15,-0.94,0.42,-0.06,0.68,1,1.6,-2
99834,-0.5,-1,0.03,-0.34,0.61,-0.03,1.68,2,-2.41,-2
99835,-0.84,-1,-1.05,0,0.53,0.69,0.58,2,0.52,-1
99836,-0.94,5,-0.13,-1.12,0.1,-0.98,0.78,4,4.37,-2
99837,-0.71,-3,0.01,-0.42,0.13,-0.17,0.36,1,0.1,0
99838,-0.8,3,1.17,-0.82,0.8,-0.03,1.42,5,-0.36,0
99839,-0.17,1,-0.18,-1.82,0.82,-0.14,0.18,2,-0.11,-1
99840,-0.92,3,-0.52,-0.82,0.74,-0.87,0.78,1,-0.04,-2
99841,-0.2,-1,1.12,-0.66,0.95,0.1,0.34,1,-0.64,-1
99842,-0.07,1,-0.72,-1,0.09,0.91,1.48,1,5.17,1
99843,-0.5,1,-0.58,-1.58,0.33,-0.55,1.98,2,0.33,0
99844,-0.8,-3,-0.35,-0.68,0.65,0.01,1.88,5,2.96,-1
99845,-0.8,-3,0.6,-1.12,0.12,0.9,0.24,3,1.63,-2
99846,-0.82,-1,-1.16,-0.46,0.86,0.44,1.6,4,1,1
99847,-0.33,1,1.79,-0.8,0.8,0.23,0.7,3,1.52,0
99848,-0.43,3,-1.3,-0.28,0.08,-0.93,1.94,3,1.6,0
99849,-0.9,3,1.26,-0.2,0.04,0.47,0.08,4,0.97,1
99850,-0.78,3,1.6,-1.64,0.31,-0.58,0.62,5,0.04,1
99851,-0.87,-3,-0.39,-1.94,0.46,-0.8,0.66,3,1.67,0
99852,-0.47,-3,-0.75,-1.66,0.46,-0.58,1.24,5,-1.32,0
99853,-0.81,-3,0.36,-0.8,0.4,-0.6,1.48,1,-0.16,1
99854,-0.88,5,-0.4,-0.98,0.57,-0.06,0.86,1,0.95,0
99855,-0.98,3,1.69,-0.04,0.91,-0.34,1.48,5,-1.24,1
99856,-0.95,1,-0.59,-0.5,0.73,-0.4,0.14,5,-1.07,0
99857,-0.31,3,0.48,-0.86,0.24,-0.63,0.76,4,-2.33,-1
99858,-0.67,1,0.01,-1.02,0.97,0.03,0.1,3,1.09,-1
99859,-0.83,5,-0.43,-1.82,0.53,-0.94,1.82,1,-2.53,-1
99860,-0.51,5,-0.6,-1.1,0.8,0.08,0.88,4,2.78,0
99861,-0.43,-3,-0.59,-0.14,0.46,-0.69,1.78,5,7.68,-2
99862,-0.72,-3,-0.19,-0.1,0.3,-0.63,0.14,3,4.6,1
99863,-0.91,1,1.7,-1.9,0.38,0.91,0.24,1,0.56,-2
99864,-0.89,-1,-0.21,-0.6,0.22,-0.89,1,1,-0.59,0
99865,-0.29,3,0.32,-1.94,0.95,0.67,0.54,2,3.28,-2
99866,-0.05,3,0.68,-0.64,0.86,0.83,0.62,5,1.63,1
99867,-0.96,3,-0.44,-0.18,0.94,-0.58,1.74,3,-2.55,-2
99868,-0.79,3,-0.4,-1.9,0.36,0.85,0.76,5,0.98,1
99869,-0.38,-3,0.95,-1.9,0.4,-0.34,0.98,1,2.43,-2
99870,-0.3,-3,0.59,-1.82,0.06,0.12,1.92,2,0.14,1
99871,-0.78,3,-0.24,-1.92,0.57,-0.94,1.5,4,0.64,1
99872,-0.13,3,0.35,-0.32,0.37,0.82,1.68,1,2.58,-1
99873,0,1,-0.53,-1.3,0.14,-0.42,1.9,3,1.12,-2
99874,-0.59,-1,-1.34,-0.2,1,-0.09,0.54,5,-0.57,-1
99875,-0.35,1,1.13,-0.56,0.6,-0.59,2,4,2.29,0
99876,-0.71,-3,1.23,-0.34,0.53,-0.1,1.62,3,-0.68,-1
99877,-1,5,-0.39,-1.24,0.99,0.2,0.42,3,-1.24,-1
99878,-0.41,5,-0.21,-1.32,0.68,0.38,1.58,2,1.77,-1
99879,-0.13,3,0.15,-1.38,0.23,0.45,0.34,4,2.54,-1
99880,-0.59,-1,0.16,-1.84,0.23,-0.55,1.48,5,4.43,1
99881,-0.87,-3,1.03,-1.92,0.76,0.68,0.34,2,2.74,1
99882,-0.06,3,0.89,-1.02,0.81,-0.9,0.4,4,3.27,0
99883,-0.05,-3,-0.54,-1.5,0.94,0.41,1.66,2,-0.62,-2
99884,-0.63,-1,-0.55,-0.46,0.11,-0.62,0.04,2,0.89,-2
99885,-0.92,-3,-0.5,-0.14,0.32,0.54,1.5,3,-0.74,1
99886,-0.39,5,0.06,-1.98,0.16,0.57,1.14,3,0.53,-2
99887,-0.8,1,0.74,-0.72,0.13,-0.08,1.74,3,0.05,1
99888,-0.79,5,0.81,-0.6,0.05,0.4,1.02,4,-0.09,-2
99889,-0.52,-1,2.11,-0.74,0.52,0.35,0.88,3,0.89,1
99890,-0.89,1,0.42,-0.64,0.45,-0.87,0.62,1,-0.59,0
99891,-0.73,5,1.63,-0.8,1,-0.48,0.8,1,2.51,1
99892,-0.9,1,0.74,-0.46,0.58,0.38,1.44,4,-0.07,1
99893,-0.6,5,-1.57,-1.06,0.51,0.53,1.28,5,1.68,0
99894,-0.62,1,0.04,-0.76,0.83,-0.38,1.22,4,-0.86,-1
99895,-0.11,3,1.34,-0.4,0.26,-0.37,1.62,4,-1.77,-1
99896,-0.41,1,0.34,-0.38,0.42,0.43,1.58,4,4.03,-1
99897,-0.02,1,0.77,-1.4,0.13,-0.3,1.7,1,-1.23,-2
99898,-0.68,3,-1.62,-0.94,0.17,-0.8,1.5,1,1.88,-1
99899,-0.61,-3,-0.16,-0.52,0.05,-0.25,0.82,4,0.87,0
99900,-0.01,-3,-1.41,-1.36,0.15,0.29,1.16,2,-1.12,-1
99901,-0.99,5,0.69,-2,0.99,-0.05,1.98,3,2.05,0
99902,-0.38,-1,1.3,-1,0.87,0.08,1.28,2,-1.76,-1
99903,-0.98,-3,-1.29,-1.86,0.39,0.34,0.52,1,2.46,0
99904,-0.22,3,0.26,-1.28,0.74,0.17,1.02,3,2.59,-2
99905,-0.76,5,1.02,-0.68,0.97,0.07,1.56,1,-0.48,0
99906,-0.38,1,1.4,-1.78,0.33,-0.36,0.88,5,0.16,0
99907,-0.08,-1,-1.23,-1.72,0.84,0.41,1.68,5,2.94,0
99908,-0.12,1,0.17,0,0.72,-0.91,1.5,5,-2.94,0
99909,-0.36,-3,-0.16,-1.94,0.94,0.48,0.3,2,3.41,1
99910,-0.62,3,1.56,-1.82,0.69,-0.81,1.78,3,-0.28,-1
99911,-0.55,-1,-1.6,-0.36,0.25,0.03,0.94,2,-0.27,-1
99912,-0.73,1,0.16,-1.52,0.36,-0.7,1.9,3,-1.49,1
99913,-0.16,3,-2.04,-1.78,0.34,0.4,0.66,2,4.4,1
99914,-0.07,5,0.76,-1.48,0.55,0.81,0.2,2,1.54,1
99915,-0.96,1,0.55,-0.46,0.27,-0.73,1.8,1,0.63,0
99916,-0.84,-1,-1.89,-1.94,0.21,-0.26,1.74,3,1.43,1
99917,-0.48,5,0.17,-1.42,0.21,0.07,0.58,3,-2.3,-1
99918,-0.61,1,-0.26,-0.22,0.89,-0.28,0.44,5,-0.41,1
99919,-0.3,5,1.12,-1.32,0.61,-0.39,1.84,1,0.6,-2
99920,-0.09,-3,1,-1.3,0.78,-0.86,0.3,1,0.99,-1
99921,-0.09,-3,-0.13,-0.14,0.52,-0.86,0.64,2,-0.88,1
99922,-0.54,3,-1.44,-0.1,0.68,0.58,0.3,3,2.3,0
99923,-0.59,1,-1.07,-0.26,0.07,0.86,0.66,5,2.27,-2
99924,-0.06,1,0.16,-1.46,0.06,0.14,1.1,1,1.43,0
99925,-0.59,-3,-1.04,-0.64,0.9,-0.78,0.9,2,-0.18,0
99926,-0.32,-1,0.25,-1.96,0.54,0.66,1.66,4,-2.11,0
99927,-0.21,5,-0.75,-1.84,0.7,0.07,1.66,4,2.11,1
99928,-0.15,5,0.32,-1.98,0.12,-0.25,0.06,5,-2.2,0
99929,-0.14,-1,0.72,-1.34,0.11,0.33,0.88,2,2.76,-1
99930,-0.7,-1,-0.46,-0.68,0.97,-0.73,2,2,-0.77,-2
99931,-0.58,5,0.01,-1.42,0.42,0.6,1.3,2,-0.11,0
99932,-0.02,-3,-0.88,-1.78,0.72,-0.38,1.38,4,2.72,0
99933,-0.19,-1,-1.62,-0.32,0.15,0.67,0.18,5,1.6,-1
99934,-0.76,1,0.17,-1.52,0.69,0.69,0.08,5,-0.62,-2
99935,-0.68,-1,-0.06,-1.26,0.38,-0.07,1.84,1,-0.41,-1
99936,-0.81,5,1.45,-1.74,0.44,-0.08,1.66,5,1.87,-2
99937,-0.44,-3,0.05,-0.62,0.34,-0.6,1.48,1,-0.09,0
99938,-0.24,1,0.89,-0.04,0.96,-0.47,1.24,3,0.24,-1
99939,-0.9,-1,0.11,-1.32,0.36,-0.13,1.14,3,-0.83,0
99940,-0.07,1,0.55,-0.38,0.35,0.15,0.32,2,4.17,-2
99941,-0.07,1,0.46,-1.48,0.36,-0.02,0.28,4,0.08,1
99942,-0.69,-3,-0.84,-1.18,0.05,0.56,0.08,5,-1.41,-2
99943,-0.59,5,-1.45,-1.98,0.17,-0.54,0.24,1,-1.66,1
99944,-0.5,-1,-0.01,-0.88,0.85,-0.4,1.18,1,2.07,-1
99945,-0.69,3,-0.64,-1.92,0.47,0.32,1.7,2,0.52,-2
99946,-0.64,-1,0.29,-0.78,0.75,0.43,0.18,4,2.64,1
99947,-0.71,-3,-2.23,-0.7,0.71,-0.84,0.3,4,2.86,-2
99948,-0.45,1,0.63,-1.74,0.17,0.19,1.18,1,-5.02,1
99949,-0.58,5,-0.77,-1.7,0.01,0.52,1.6,4,1.84,1
99950,-0.25,-3,-0.08,-1.48,0.85,-0.99,0.9,1,4.46,1
99951,-0.67,-1,-2.46,-1.46,0.94,-0.17,0.2,4,1.64,0
99952,-0.72,1,0.12,-1.66,0.74,0.41,0.74,1,0.64,0
99953,-0.92,-3,1.66,-1.66,0.79,0.8,1.94,4,0.44,-2
99954,-0.1,3,-1.84,-0.06,0.93,-0.81,0.68,2,1.06,1
99955,-0.68,1,0.3,-0.92,0.21,-0.25,0.74,3,0.8,-2
99956,-0.08,3,-0.84,-1.72,0.1,-0.8,1.5,2,2.14,-2
99957,-0.21,-1,0.82,-0.92,0.25,0.73,1.14,1,2.6,0
99958,-0.09,5,0.24,-1.84,0.52,0.99,0.9,1,-1.46,-1
99959,-0.86,3,-1.05,-0.3,0.76,-0.21,1.3,5,0.12,1
99960,-0.22,5,-0.93,-0.12,0.36,-0.06,1.44,1,3.61,-1
99961,-0.65,3,0.34,-0.54,0.25,-0.05,0.52,4,2.34,-2
99962,-0.55,-3,0.39,-0.68,0.95,0.25,0.56,2,4.06,-2
99963,-0.41,-3,-0.25,-0.02,0.76,0.6,0.72,5,2.9,-1
99964,-0.17,-3,-0.62,-1.02,0.17,-0.56,0.3,3,-0.45,-1
99965,-0.37,-3,0.58,-1.46,0.03,-0.58,1.44,3,7.29,1
99966,-0.66,1,-1.73,-0.28,0.49,-0.82,0.28,3,1.35,0
99967,-0.44,3,-2.01,-1.96,0.59,0.58,0.66,4,0.84,0
99968,-0.52,-3,-1.81,-0.82,0.79,-0.25,1.88,3,-0.42,-2
99969,-0.9,-1,0.25,-0.56,0.46,-0.84,0.28,4,1.96,-2
99970,-0.32,-3,-0.09,-0.94,0.26,0.56,1.08,4,5.3,-2
99971,-0.16,5,-0.38,-1.86,0.86,0.11,0.54,1,1.87,-2
99972,-0.7,-3,-0.19,-0.92,0.88,-0.32,1.5,3,1.79,1
99973,-0.92,-1,1.12,-0.2,0.48,0.36,1.92,1,-1.59,0
99974,-0.56,3,-0.94,-1.1,0.7,-0.71,0.16,4,-2.47,-2
99975,-0.98,1,0.83,-0.38,0.93,-0.8,0.98,3,0.59,0
99976,-0.06,-3,-0.28,-1.62,0.51,0.76,0.06,1,2.23,0
99977,-0.6,-3,0.94,-0.44,0.62,0.1,1.82,4,1.76,1
99978,-0.8,-3,0.27,-0.32,0.39,-0.3,1.5,1,0.58,1
99979,-0.48,-1,2.21,-0.68,0.01,-0.11,1.26,1,3.53,0
99980,-1,5,0.81,-2,0.59,0.25,1.3,2,-0.01,0
99981,-0.15,3,-0.21,-0.12,0.13,0.88,1.56,1,-4.17,-1
99982,-0.84,1,1.69,-0.64,0.8,-0.89,1.2,2,3.87,1
99983,-0.43,5,0.13,-1.06,0.97,0.78,0.58,4,-1.87,-2
99984,-0.18,5,-1.03,-1.14,0.14,-0.73,0.9,1,0.6,1
99985,-0.46,5,0.34,-0.1,0.18,-0.48,0.24,4,2.49,-2
99986,-0.82,5,0.89,-0.16,0.84,-0.22,0.8,3,0.01,-1
99987,-0.31,1,-1.15,-0.4,0.74,0.88,0.2,3,6.09,-2
99988,-0.03,1,-0.78,-1.94,0.75,-0.71,0.72,4,2.92,-1
99989,-0.46,3,-0.09,-1.66,0.57,0.4,0.84,3,2.27,1
99990,-0.14,1,-0.54,-0.34,0.74,0.52,0.36,3,0.84,-1
99991,-0.6,3,-0.14,-1.92,0.17,0.93,0.52,4,3.01,-2
99992,-0.56,3,0.08,-0.34,0.24,0.65,1.24,5,0.16,1
99993,-0.66,-1,-1.7,-1.78,0.26,-0.39,0.4,1,1.41,1
99994,-0.82,5,-0.17,-0.14,0.75,-0.56,0.02,3,-1.04,-1
99995,-0.22,-1,0.16,-1.36,0.73,0.5,0.18,5,4.12,-1
99996,-0.79,-3,-0.05,-1.78,0.57,-0.42,1.96,4,3.97,-1
99997,-0.26,5,0.84,-0.08,0.94,-0.04,0.58,5,-2.6,-1
99998,-0.61,-3,-1.16,-1.2,0.06,-0.99,1.08,1,-0.34,1
99999,-0.54,1,-0.47,0,0.07,-0.46,0.44,2,3.38,-1
100000,-0.1,-3,-0.23,-0.12,0.64,-0.67,1.12,3,-0.41,0
